final_position,points_earned,driver_id,race_id,weather_id,date
2,18,1,7763,41,2023-02-24
3,15,1,7765,71,2023-03-03
2,18,1,7766,71,2023-03-03
2,18,1,7767,9,2023-03-04
1,25,1,7768,9,2023-03-04
1,25,1,7772,35,2023-03-17
1,25,1,7773,35,2023-03-17
1,25,1,7774,77,2023-03-18
15,0,1,7775,77,2023-03-18
2,18,1,7779,80,2023-03-19
1,25,1,7780,65,2023-03-31
3,15,1,7781,65,2023-03-31
1,25,1,7782,15,2023-04-01
1,25,1,7783,15,2023-04-01
1,25,1,7787,27,2023-04-02
1,25,1,7953,46,2023-03-05
1,25,1,9063,34,2023-04-28
2,18,1,9064,34,2023-04-28
3,15,1,9069,10,2023-04-29
2,18,1,9070,61,2023-04-30
4,12,1,9071,58,2023-05-05
1,25,1,9072,58,2023-05-05
1,25,1,9073,49,2023-05-06
9,2,1,9074,49,2023-05-06
1,25,1,9078,72,2023-05-07
6,8,1,9087,39,2023-05-26
1,25,1,9088,39,2023-05-26
1,25,1,9089,24,2023-05-27
1,25,1,9090,24,2023-05-27
1,25,1,9094,83,2023-05-28
1,25,1,9095,47,2023-06-02
1,25,1,9096,47,2023-06-02
1,25,1,9097,43,2023-06-03
1,25,1,9098,43,2023-06-03
1,25,1,9102,30,2023-06-04
5,10,1,9103,40,2023-06-16
6,8,1,9104,40,2023-06-16
1,25,1,9105,55,2023-06-17
1,25,1,9106,55,2023-06-17
1,25,1,9110,1,2023-06-18
1,25,1,9112,21,2023-06-30
1,25,1,9117,63,2023-07-01
1,25,1,9118,29,2023-07-02
1,25,1,9119,18,2023-07-07
1,25,1,9120,18,2023-07-07
8,4,1,9121,56,2023-07-08
1,25,1,9122,56,2023-07-08
1,25,1,9126,45,2023-07-09
11,0,1,9127,69,2023-07-21
2,18,1,9128,20,2023-07-22
2,18,1,9129,20,2023-07-22
1,25,1,9133,82,2023-07-23
20,0,1,9134,32,2023-07-28
1,25,1,9135,32,2023-07-28
1,25,1,9140,4,2023-07-29
1,25,1,9141,67,2023-07-30
1,25,1,9142,38,2023-08-25
2,18,1,9143,38,2023-08-25
1,25,1,9144,64,2023-08-26
1,25,1,9145,64,2023-08-26
1,25,1,9149,44,2023-08-27
1,25,1,9150,19,2023-09-01
5,10,1,9151,19,2023-09-01
2,18,1,9152,51,2023-09-02
2,18,1,9153,51,2023-09-02
1,25,1,9157,6,2023-09-03
3,15,1,9158,33,2023-09-15
8,4,1,9159,33,2023-09-15
4,12,1,9160,70,2023-09-16
11,0,1,9161,70,2023-09-16
5,10,1,9165,16,2023-09-17
1,25,1,9166,37,2023-09-22
1,25,1,9167,37,2023-09-22
1,25,1,9168,52,2023-09-23
1,25,1,9169,52,2023-09-23
1,25,1,9173,68,2023-09-24
1,25,1,9174,48,2023-10-27
1,25,1,9175,48,2023-10-27
1,25,1,9176,81,2023-10-28
3,15,1,9177,81,2023-10-28
1,25,1,9181,12,2023-10-29
4,12,1,9182,5,2023-11-17
6,8,1,9183,5,2023-11-17
4,12,1,9184,7,2023-11-18
1,25,1,9189,25,2023-11-19
3,15,1,9191,8,2023-11-24
6,8,1,9192,3,2023-11-25
1,25,1,9193,3,2023-11-25
1,25,1,9197,31,2023-11-26
16,0,1,9198,60,2023-11-03
1,25,1,9204,11,2023-11-04
1,25,1,9205,14,2023-11-05
1,25,1,9206,73,2023-10-20
6,8,1,9207,73,2023-10-20
1,25,1,9212,66,2023-10-21
1,25,1,9213,79,2023-10-22
6,8,1,9214,17,2023-10-06
1,25,1,9215,17,2023-10-06
2,18,1,9220,78,2023-10-07
1,25,1,9221,28,2023-10-08
1,25,1,9222,74,2023-02-23
19,0,1,9223,69,2023-07-21
3,15,1,9278,10,2023-04-29
1,25,1,9282,63,2023-07-01
1,25,1,9286,4,2023-07-29
1,25,1,9294,66,2023-10-21
3,15,1,9298,78,2023-10-07
1,25,1,9304,60,2023-11-03
2,18,1,9308,11,2023-11-04
3,15,1,9314,7,2023-11-18
6,8,1,9465,23,2024-02-29
3,15,1,9466,59,2024-03-01
3,15,1,9467,59,2024-03-01
1,25,1,9468,59,2024-03-01
1,25,1,9472,50,2024-03-02
3,15,1,9473,62,2024-03-07
3,15,1,9474,62,2024-03-07
1,25,1,9475,22,2024-03-08
1,25,1,9476,22,2024-03-08
1,25,1,9480,53,2024-03-09
2,18,1,9481,76,2024-03-22
2,18,1,9482,76,2024-03-22
2,18,1,9483,42,2024-03-23
1,25,1,9484,42,2024-03-23
19,0,1,9488,54,2024-03-24
1,25,1,9489,75,2024-04-05
14,0,1,9490,75,2024-04-05
1,25,1,9491,13,2024-04-06
1,25,1,9492,13,2024-04-06
1,25,1,9496,26,2024-04-07
1,25,1,9497,-1,2024-05-03
1,25,1,9502,-1,2024-05-03
3,15,1,9663,36,2024-04-19
1,25,1,9664,2,2024-04-20
4,12,1,9668,36,2024-04-19
1,25,1,9672,2,2024-04-20
1,25,1,9673,57,2024-04-21
7,6,2,7763,41,2023-02-24
18,0,2,7765,71,2023-03-03
20,0,2,7766,71,2023-03-03
18,0,2,7767,9,2023-03-04
16,0,2,7768,9,2023-03-04
17,0,2,7772,35,2023-03-17
18,0,2,7773,35,2023-03-17
16,0,2,7774,77,2023-03-18
20,0,2,7775,77,2023-03-18
16,0,2,7779,80,2023-03-19
15,0,2,7780,65,2023-03-31
20,0,2,7781,65,2023-03-31
17,0,2,7782,15,2023-04-01
18,0,2,7783,15,2023-04-01
16,0,2,7787,27,2023-04-02
12,0,2,7953,46,2023-03-05
16,0,2,9063,34,2023-04-28
15,0,2,9064,34,2023-04-28
16,0,2,9070,61,2023-04-30
19,0,2,9071,58,2023-05-05
20,0,2,9072,58,2023-05-05
17,0,2,9073,49,2023-05-06
20,0,2,9074,49,2023-05-06
20,0,2,9078,72,2023-05-07
18,0,2,9087,39,2023-05-26
20,0,2,9088,39,2023-05-26
17,0,2,9089,24,2023-05-27
16,0,2,9090,24,2023-05-27
18,0,2,9094,83,2023-05-28
19,0,2,9095,47,2023-06-02
20,0,2,9096,47,2023-06-02
20,0,2,9097,43,2023-06-03
20,0,2,9098,43,2023-06-03
20,0,2,9102,30,2023-06-04
17,0,2,9103,40,2023-06-16
19,0,2,9104,40,2023-06-16
20,0,2,9105,55,2023-06-17
19,0,2,9106,55,2023-06-17
20,0,2,9110,1,2023-06-18
18,0,2,9112,21,2023-06-30
18,0,2,9117,63,2023-07-01
13,0,2,9118,29,2023-07-02
17,0,2,9119,18,2023-07-07
5,10,2,9120,18,2023-07-07
7,6,2,9121,56,2023-07-08
14,0,2,9122,56,2023-07-08
11,0,2,9126,45,2023-07-09
17,0,2,9127,69,2023-07-21
17,0,2,9128,20,2023-07-22
20,0,2,9129,20,2023-07-22
18,0,2,9133,82,2023-07-23
16,0,2,9134,32,2023-07-28
18,0,2,9135,32,2023-07-28
16,0,2,9140,4,2023-07-29
17,0,2,9141,67,2023-07-30
7,6,2,9142,38,2023-08-25
12,0,2,9143,38,2023-08-25
14,0,2,9144,64,2023-08-26
10,1,2,9145,64,2023-08-26
20,0,2,9149,44,2023-08-27
12,0,2,9150,19,2023-09-01
16,0,2,9151,19,2023-09-01
15,0,2,9152,51,2023-09-02
15,0,2,9153,51,2023-09-02
13,0,2,9157,6,2023-09-03
20,0,2,9158,33,2023-09-15
19,0,2,9159,33,2023-09-15
20,0,2,9160,70,2023-09-16
18,0,2,9161,70,2023-09-16
14,0,2,9165,16,2023-09-17
19,0,2,9166,37,2023-09-22
20,0,2,9167,37,2023-09-22
16,0,2,9168,52,2023-09-23
20,0,2,9169,52,2023-09-23
17,0,2,9173,68,2023-09-24
14,0,2,9174,48,2023-10-27
17,0,2,9175,48,2023-10-27
11,0,2,9176,81,2023-10-28
20,0,2,9177,81,2023-10-28
16,0,2,9181,12,2023-10-29
20,0,2,9182,5,2023-11-17
20,0,2,9183,5,2023-11-17
3,15,2,9184,7,2023-11-18
16,0,2,9189,25,2023-11-19
11,0,2,9190,8,2023-11-24
18,0,2,9191,8,2023-11-24
8,4,2,9192,3,2023-11-25
20,0,2,9193,3,2023-11-25
16,0,2,9197,31,2023-11-26
9,2,2,9198,60,2023-11-03
20,0,2,9204,11,2023-11-04
11,0,2,9205,14,2023-11-05
11,0,2,9206,73,2023-10-20
20,0,2,9207,73,2023-10-20
19,0,2,9212,66,2023-10-21
12,0,2,9213,79,2023-10-22
16,0,2,9214,17,2023-10-06
16,0,2,9215,17,2023-10-06
19,0,2,9220,78,2023-10-07
18,0,2,9221,28,2023-10-08
10,1,2,9222,74,2023-02-23
9,2,2,9223,69,2023-07-21
15,0,2,9278,10,2023-04-29
20,0,2,9282,63,2023-07-01
13,0,2,9286,4,2023-07-29
20,0,2,9294,66,2023-10-21
20,0,2,9298,78,2023-10-07
19,0,2,9304,60,2023-11-03
20,0,2,9308,11,2023-11-04
7,6,2,9314,7,2023-11-18
16,0,2,9465,23,2024-02-29
17,0,2,9466,59,2024-03-01
19,0,2,9467,59,2024-03-01
18,0,2,9468,59,2024-03-01
20,0,2,9472,50,2024-03-02
15,0,2,9473,62,2024-03-07
16,0,2,9474,62,2024-03-07
20,0,2,9475,22,2024-03-08
19,0,2,9476,22,2024-03-08
15,0,2,9480,53,2024-03-09
13,0,2,9481,76,2024-03-22
13,0,2,9482,76,2024-03-22
20,0,2,9489,75,2024-04-05
15,0,2,9490,75,2024-04-05
19,0,2,9491,13,2024-04-06
19,0,2,9492,13,2024-04-06
17,0,2,9496,26,2024-04-07
18,0,2,9497,-1,2024-05-03
19,0,2,9502,-1,2024-05-03
15,0,2,9663,36,2024-04-19
20,0,2,9664,2,2024-04-20
20,0,2,9668,36,2024-04-19
18,0,2,9672,2,2024-04-20
17,0,2,9673,57,2024-04-21
14,0,3,9127,69,2023-07-21
18,0,3,9128,20,2023-07-22
13,0,3,9129,20,2023-07-22
13,0,3,9133,82,2023-07-23
9,2,3,9134,32,2023-07-28
19,0,3,9135,32,2023-07-28
10,1,3,9140,4,2023-07-29
16,0,3,9141,67,2023-07-30
13,0,3,9142,38,2023-08-25
20,0,3,9143,38,2023-08-25
8,4,3,9174,48,2023-10-27
6,8,3,9175,48,2023-10-27
9,2,3,9176,81,2023-10-28
4,12,3,9177,81,2023-10-28
7,6,3,9181,12,2023-10-29
13,0,3,9182,5,2023-11-17
19,0,3,9183,5,2023-11-17
20,0,3,9184,7,2023-11-18
14,0,3,9189,25,2023-11-19
3,15,3,9190,8,2023-11-24
12,0,3,9191,8,2023-11-24
18,0,3,9192,3,2023-11-25
15,0,3,9193,3,2023-11-25
11,0,3,9197,31,2023-11-26
14,0,3,9198,60,2023-11-03
9,2,3,9204,11,2023-11-04
13,0,3,9205,14,2023-11-05
14,0,3,9206,73,2023-10-20
15,0,3,9207,73,2023-10-20
12,0,3,9212,66,2023-10-21
17,0,3,9213,79,2023-10-22
14,0,3,9223,69,2023-07-21
11,0,3,9286,4,2023-07-29
11,0,3,9294,66,2023-10-21
17,0,3,9304,60,2023-11-03
8,4,3,9308,11,2023-11-04
15,0,3,9314,7,2023-11-18
1,25,3,9465,23,2024-02-29
11,0,3,9466,59,2024-03-01
11,0,3,9467,59,2024-03-01
14,0,3,9468,59,2024-03-01
13,0,3,9472,50,2024-03-02
19,0,3,9473,62,2024-03-07
19,0,3,9474,62,2024-03-07
16,0,3,9475,22,2024-03-08
14,0,3,9476,22,2024-03-08
16,0,3,9480,53,2024-03-09
12,0,3,9481,76,2024-03-22
12,0,3,9482,76,2024-03-22
18,0,3,9483,42,2024-03-23
18,0,3,9484,42,2024-03-23
12,0,3,9488,54,2024-03-24
5,10,3,9490,75,2024-04-05
13,0,3,9491,13,2024-04-06
11,0,3,9492,13,2024-04-06
19,0,3,9496,26,2024-04-07
11,0,3,9497,-1,2024-05-03
4,12,3,9502,-1,2024-05-03
9,2,3,9663,36,2024-04-19
12,0,3,9664,2,2024-04-20
14,0,3,9668,36,2024-04-19
11,0,3,9672,2,2024-04-20
18,0,3,9673,57,2024-04-21
16,0,4,7763,41,2023-02-24
11,0,4,7764,0,2023-02-25
4,12,4,7765,71,2023-03-03
9,2,4,7766,71,2023-03-03
13,0,4,7767,9,2023-03-04
11,0,4,7768,9,2023-03-04
20,0,4,7772,35,2023-03-17
12,0,4,7773,35,2023-03-17
7,6,4,7774,77,2023-03-18
19,0,4,7775,77,2023-03-18
17,0,4,7779,80,2023-03-19
7,6,4,7780,65,2023-03-31
8,4,4,7781,65,2023-03-31
20,0,4,7782,15,2023-04-01
13,0,4,7783,15,2023-04-01
6,8,4,7787,27,2023-04-02
17,0,4,7953,46,2023-03-05
5,10,4,9063,34,2023-04-28
7,6,4,9064,34,2023-04-28
17,0,4,9069,10,2023-04-29
9,2,4,9070,61,2023-04-30
16,0,4,9071,58,2023-05-05
6,8,4,9072,58,2023-05-05
19,0,4,9073,49,2023-05-06
16,0,4,9074,49,2023-05-06
17,0,4,9078,72,2023-05-07
7,6,4,9087,39,2023-05-26
5,10,4,9088,39,2023-05-26
5,10,4,9089,24,2023-05-27
10,1,4,9090,24,2023-05-27
9,2,4,9094,83,2023-05-28
11,0,4,9095,47,2023-06-02
14,0,4,9096,47,2023-06-02
10,1,4,9097,43,2023-06-03
3,15,4,9098,43,2023-06-03
17,0,4,9102,30,2023-06-04
14,0,4,9103,40,2023-06-16
13,0,4,9104,40,2023-06-16
13,0,4,9105,55,2023-06-17
7,6,4,9106,55,2023-06-17
13,0,4,9110,1,2023-06-18
4,12,4,9112,21,2023-06-30
9,2,4,9117,63,2023-07-01
5,10,4,9118,29,2023-07-02
8,4,4,9119,18,2023-07-07
14,0,4,9120,18,2023-07-07
12,0,4,9121,56,2023-07-08
2,18,4,9122,56,2023-07-08
2,18,4,9126,45,2023-07-09
2,18,4,9127,69,2023-07-21
5,10,4,9128,20,2023-07-22
3,15,4,9129,20,2023-07-22
2,18,4,9133,82,2023-07-23
3,15,4,9134,32,2023-07-28
7,6,4,9135,32,2023-07-28
6,8,4,9140,4,2023-07-29
7,6,4,9141,67,2023-07-30
6,8,4,9142,38,2023-08-25
1,25,4,9143,38,2023-08-25
10,1,4,9144,64,2023-08-26
2,18,4,9145,64,2023-08-26
7,6,4,9149,44,2023-08-27
7,6,4,9150,19,2023-09-01
2,18,4,9151,19,2023-09-01
17,0,4,9152,51,2023-09-02
9,2,4,9153,51,2023-09-02
8,4,4,9157,6,2023-09-03
4,12,4,9158,33,2023-09-15
6,8,4,9159,33,2023-09-15
3,15,4,9160,70,2023-09-16
4,12,4,9161,70,2023-09-16
2,18,4,9165,16,2023-09-17
3,15,4,9166,37,2023-09-22
3,15,4,9167,37,2023-09-22
2,18,4,9168,52,2023-09-23
3,15,4,9169,52,2023-09-23
2,18,4,9173,68,2023-09-24
4,12,4,9174,48,2023-10-27
2,18,4,9175,48,2023-10-27
8,4,4,9176,81,2023-10-28
19,0,4,9177,81,2023-10-28
5,10,4,9181,12,2023-10-29
15,0,4,9182,5,2023-11-17
11,0,4,9183,5,2023-11-17
11,0,4,9184,7,2023-11-18
20,0,4,9189,25,2023-11-19
2,18,4,9191,8,2023-11-24
2,18,4,9192,3,2023-11-25
5,10,4,9193,3,2023-11-25
5,10,4,9197,31,2023-11-26
19,0,4,9198,60,2023-11-03
2,18,4,9204,11,2023-11-04
2,18,4,9205,14,2023-11-05
15,0,4,9206,73,2023-10-20
2,18,4,9207,73,2023-10-20
4,12,4,9212,66,2023-10-21
3,15,4,9213,79,2023-10-22
1,25,4,9214,17,2023-10-06
10,1,4,9215,17,2023-10-06
3,15,4,9220,78,2023-10-07
3,15,4,9221,28,2023-10-08
5,10,4,9222,74,2023-02-23
4,12,4,9223,69,2023-07-21
10,1,4,9278,10,2023-04-29
3,15,4,9282,63,2023-07-01
5,10,4,9286,4,2023-07-29
4,12,4,9294,66,2023-10-21
2,18,4,9298,78,2023-10-07
7,6,4,9304,60,2023-11-03
1,25,4,9308,11,2023-11-04
16,0,4,9314,7,2023-11-18
2,18,4,9465,23,2024-02-29
5,10,4,9466,59,2024-03-01
5,10,4,9467,59,2024-03-01
7,6,4,9468,59,2024-03-01
6,8,4,9472,50,2024-03-02
10,1,4,9473,62,2024-03-07
12,0,4,9474,62,2024-03-07
5,10,4,9475,22,2024-03-08
6,8,4,9476,22,2024-03-08
8,4,4,9480,53,2024-03-09
9,2,4,9481,76,2024-03-22
9,2,4,9482,76,2024-03-22
10,1,4,9483,42,2024-03-23
4,12,4,9484,42,2024-03-23
3,15,4,9488,54,2024-03-24
10,1,4,9489,75,2024-04-05
6,8,4,9490,75,2024-04-05
6,8,4,9491,13,2024-04-06
3,15,4,9492,13,2024-04-06
5,10,4,9496,26,2024-04-07
16,0,4,9497,-1,2024-05-03
9,2,4,9502,-1,2024-05-03
16,0,4,9663,36,2024-04-19
4,12,4,9664,2,2024-04-20
1,25,4,9668,36,2024-04-19
6,8,4,9672,2,2024-04-20
2,18,4,9673,57,2024-04-21
10,1,10,7763,41,2023-02-24
12,0,10,7764,0,2023-02-25
17,0,10,7765,71,2023-03-03
7,6,10,7766,71,2023-03-03
10,1,10,7767,9,2023-03-04
20,0,10,7768,9,2023-03-04
8,4,10,7772,35,2023-03-17
6,8,10,7773,35,2023-03-17
9,2,10,7774,77,2023-03-18
10,1,10,7775,77,2023-03-18
9,2,10,7779,80,2023-03-19
8,4,10,7780,65,2023-03-31
10,1,10,7781,65,2023-03-31
5,10,10,7782,15,2023-04-01
9,2,10,7783,15,2023-04-01
13,0,10,7787,27,2023-04-02
9,2,10,7953,46,2023-03-05
19,0,10,9063,34,2023-04-28
19,0,10,9064,34,2023-04-28
13,0,10,9069,10,2023-04-29
14,0,10,9070,61,2023-04-30
6,8,10,9071,58,2023-05-05
11,0,10,9072,58,2023-05-05
6,8,10,9073,49,2023-05-06
5,10,10,9074,49,2023-05-06
8,4,10,9078,72,2023-05-07
14,0,10,9087,39,2023-05-26
9,2,10,9088,39,2023-05-26
6,8,10,9089,24,2023-05-27
7,6,10,9090,24,2023-05-27
7,6,10,9094,83,2023-05-28
5,10,10,9095,47,2023-06-02
10,1,10,9096,47,2023-06-02
18,0,10,9097,43,2023-06-03
4,12,10,9098,43,2023-06-03
10,1,10,9102,30,2023-06-04
15,0,10,9103,40,2023-06-16
10,1,10,9104,40,2023-06-16
6,8,10,9105,55,2023-06-17
17,0,10,9106,55,2023-06-17
12,0,10,9110,1,2023-06-18
9,2,10,9112,21,2023-06-30
15,0,10,9117,63,2023-07-01
9,2,10,9118,29,2023-07-02
13,0,10,9119,18,2023-07-07
8,4,10,9120,18,2023-07-07
4,12,10,9121,56,2023-07-08
10,1,10,9122,56,2023-07-08
18,0,10,9126,45,2023-07-09
3,15,10,9127,69,2023-07-21
16,0,10,9128,20,2023-07-22
15,0,10,9129,20,2023-07-22
20,0,10,9133,82,2023-07-23
18,0,10,9134,32,2023-07-28
12,0,10,9135,32,2023-07-28
3,15,10,9140,4,2023-07-29
11,0,10,9141,67,2023-07-30
12,0,10,9142,38,2023-08-25
6,8,10,9143,38,2023-08-25
11,0,10,9144,64,2023-08-26
12,0,10,9145,64,2023-08-26
3,15,10,9149,44,2023-08-27
14,0,10,9150,19,2023-09-01
13,0,10,9151,19,2023-09-01
20,0,10,9152,51,2023-09-02
17,0,10,9153,51,2023-09-02
15,0,10,9157,6,2023-09-03
12,0,10,9158,33,2023-09-15
18,0,10,9159,33,2023-09-15
15,0,10,9160,70,2023-09-16
12,0,10,9161,70,2023-09-16
6,8,10,9165,16,2023-09-17
12,0,10,9166,37,2023-09-22
19,0,10,9167,37,2023-09-22
20,0,10,9168,52,2023-09-23
12,0,10,9169,52,2023-09-23
10,1,10,9173,68,2023-09-24
16,0,10,9175,48,2023-10-27
18,0,10,9176,81,2023-10-28
11,0,10,9177,81,2023-10-28
11,0,10,9181,12,2023-10-29
11,0,10,9182,5,2023-11-17
15,0,10,9183,5,2023-11-17
19,0,10,9184,7,2023-11-18
11,0,10,9189,25,2023-11-19
9,2,10,9190,8,2023-11-24
9,2,10,9191,8,2023-11-24
13,0,10,9192,3,2023-11-25
10,1,10,9193,3,2023-11-25
13,0,10,9197,31,2023-11-26
7,6,10,9198,60,2023-11-03
13,0,10,9204,11,2023-11-04
7,6,10,9205,14,2023-11-05
10,1,10,9206,73,2023-10-20
7,6,10,9207,73,2023-10-20
7,6,10,9212,66,2023-10-21
8,4,10,9213,79,2023-10-22
8,4,10,9214,17,2023-10-06
7,6,10,9215,17,2023-10-06
10,1,10,9220,78,2023-10-07
12,0,10,9221,28,2023-10-08
16,0,10,9222,74,2023-02-23
18,0,10,9223,69,2023-07-21
19,0,10,9278,10,2023-04-29
12,0,10,9282,63,2023-07-01
6,8,10,9286,4,2023-07-29
10,1,10,9294,66,2023-10-21
11,0,10,9298,78,2023-10-07
13,0,10,9304,60,2023-11-03
13,0,10,9308,11,2023-11-04
5,10,10,9314,7,2023-11-18
18,0,10,9465,23,2024-02-29
18,0,10,9466,59,2024-03-01
20,0,10,9467,59,2024-03-01
20,0,10,9468,59,2024-03-01
18,0,10,9472,50,2024-03-02
9,2,10,9473,62,2024-03-07
9,2,10,9474,62,2024-03-07
12,0,10,9475,22,2024-03-08
18,0,10,9476,22,2024-03-08
20,0,10,9480,53,2024-03-09
15,0,10,9481,76,2024-03-22
15,0,10,9482,76,2024-03-22
19,0,10,9483,42,2024-03-23
17,0,10,9484,42,2024-03-23
13,0,10,9488,54,2024-03-24
17,0,10,9489,75,2024-04-05
16,0,10,9490,75,2024-04-05
17,0,10,9491,13,2024-04-06
17,0,10,9492,13,2024-04-06
16,0,10,9496,26,2024-04-07
10,1,10,9497,-1,2024-05-03
16,0,10,9502,-1,2024-05-03
20,0,10,9663,36,2024-04-19
15,0,10,9664,2,2024-04-20
16,0,10,9668,36,2024-04-19
15,0,10,9672,2,2024-04-20
13,0,10,9673,57,2024-04-21
14,0,11,7763,41,2023-02-24
1,25,11,7764,0,2023-02-25
1,25,11,7765,71,2023-03-03
3,15,11,7766,71,2023-03-03
3,15,11,7767,9,2023-03-04
2,18,11,7768,9,2023-03-04
2,18,11,7772,35,2023-03-17
3,15,11,7773,35,2023-03-17
2,18,11,7774,77,2023-03-18
1,25,11,7775,77,2023-03-18
1,25,11,7779,80,2023-03-19
3,15,11,7780,65,2023-03-31
7,6,11,7781,65,2023-03-31
6,8,11,7782,15,2023-04-01
20,0,11,7783,15,2023-04-01
5,10,11,7787,27,2023-04-02
2,18,11,7953,46,2023-03-05
3,15,11,9063,34,2023-04-28
3,15,11,9064,34,2023-04-28
1,25,11,9069,10,2023-04-29
1,25,11,9070,61,2023-04-30
11,0,11,9071,58,2023-05-05
4,12,11,9072,58,2023-05-05
3,15,11,9073,49,2023-05-06
1,25,11,9074,49,2023-05-06
2,18,11,9078,72,2023-05-07
4,12,11,9087,39,2023-05-26
7,6,11,9088,39,2023-05-26
2,18,11,9089,24,2023-05-27
20,0,11,9090,24,2023-05-27
16,0,11,9094,83,2023-05-28
2,18,11,9095,47,2023-06-02
4,12,11,9096,47,2023-06-02
2,18,11,9097,43,2023-06-03
11,0,11,9098,43,2023-06-03
4,12,11,9102,30,2023-06-04
4,12,11,9103,40,2023-06-16
8,4,11,9104,40,2023-06-16
17,0,11,9105,55,2023-06-17
12,0,11,9106,55,2023-06-17
6,8,11,9110,1,2023-06-18
15,0,11,9112,21,2023-06-30
2,18,11,9117,63,2023-07-01
3,15,11,9118,29,2023-07-02
2,18,11,9119,18,2023-07-07
4,12,11,9120,18,2023-07-07
14,0,11,9121,56,2023-07-08
16,0,11,9122,56,2023-07-08
6,8,11,9126,45,2023-07-09
18,0,11,9127,69,2023-07-21
3,15,11,9128,20,2023-07-22
9,2,11,9129,20,2023-07-22
3,15,11,9133,82,2023-07-23
5,10,11,9134,32,2023-07-28
3,15,11,9135,32,2023-07-28
19,0,11,9140,4,2023-07-29
2,18,11,9141,67,2023-07-30
4,12,11,9142,38,2023-08-25
7,6,11,9143,38,2023-08-25
3,15,11,9144,64,2023-08-26
7,6,11,9145,64,2023-08-26
4,12,11,9149,44,2023-08-27
3,15,11,9150,19,2023-09-01
3,15,11,9151,19,2023-09-01
10,1,11,9152,51,2023-09-02
5,10,11,9153,51,2023-09-02
2,18,11,9157,6,2023-09-03
7,6,11,9158,33,2023-09-15
7,6,11,9159,33,2023-09-15
8,4,11,9160,70,2023-09-16
13,0,11,9161,70,2023-09-16
8,4,11,9165,16,2023-09-17
11,0,11,9166,37,2023-09-22
9,2,11,9167,37,2023-09-22
4,12,11,9168,52,2023-09-23
5,10,11,9169,52,2023-09-23
19,0,11,9173,68,2023-09-24
3,15,11,9174,48,2023-10-27
5,10,11,9175,48,2023-10-27
3,15,11,9176,81,2023-10-28
5,10,11,9177,81,2023-10-28
20,0,11,9181,12,2023-10-29
9,2,11,9182,5,2023-11-17
4,12,11,9183,5,2023-11-17
5,10,11,9184,7,2023-11-18
3,15,11,9189,25,2023-11-19
5,10,11,9191,8,2023-11-24
11,0,11,9192,3,2023-11-25
9,2,11,9193,3,2023-11-25
4,12,11,9197,31,2023-11-26
18,0,11,9198,60,2023-11-03
3,15,11,9204,11,2023-11-04
4,12,11,9205,14,2023-11-05
4,12,11,9206,73,2023-10-20
9,2,11,9207,73,2023-10-20
5,10,11,9212,66,2023-10-21
5,10,11,9213,79,2023-10-22
13,0,11,9214,17,2023-10-06
13,0,11,9215,17,2023-10-06
18,0,11,9220,78,2023-10-07
10,1,11,9221,28,2023-10-08
16,0,11,9223,69,2023-07-21
2,18,11,9278,10,2023-04-29
2,18,11,9282,63,2023-07-01
8,4,11,9286,4,2023-07-29
7,6,11,9294,66,2023-10-21
8,4,11,9298,78,2023-10-07
9,2,11,9304,60,2023-11-03
3,15,11,9308,11,2023-11-04
12,0,11,9314,7,2023-11-18
12,0,11,9465,23,2024-02-29
8,4,11,9466,59,2024-03-01
8,4,11,9467,59,2024-03-01
5,10,11,9468,59,2024-03-01
2,18,11,9472,50,2024-03-02
5,10,11,9473,62,2024-03-07
5,10,11,9474,62,2024-03-07
3,15,11,9475,22,2024-03-08
3,15,11,9476,22,2024-03-08
2,18,11,9480,53,2024-03-09
8,4,11,9481,76,2024-03-22
8,4,11,9482,76,2024-03-22
7,6,11,9483,42,2024-03-23
3,15,11,9484,42,2024-03-23
5,10,11,9488,54,2024-03-24
2,18,11,9489,75,2024-04-05
17,0,11,9490,75,2024-04-05
2,18,11,9491,13,2024-04-06
2,18,11,9492,13,2024-04-06
2,18,11,9496,26,2024-04-07
6,8,11,9497,-1,2024-05-03
3,15,11,9502,-1,2024-05-03
4,12,11,9663,36,2024-04-19
2,18,11,9664,2,2024-04-20
6,8,11,9668,36,2024-04-19
3,15,11,9672,2,2024-04-20
3,15,11,9673,57,2024-04-21
3,15,14,7763,41,2023-02-24
9,2,14,7764,0,2023-02-25
2,18,14,7765,71,2023-03-03
1,25,14,7766,71,2023-03-03
1,25,14,7767,9,2023-03-04
5,10,14,7768,9,2023-03-04
3,15,14,7772,35,2023-03-17
2,18,14,7773,35,2023-03-17
3,15,14,7774,77,2023-03-18
3,15,14,7775,77,2023-03-18
3,15,14,7779,80,2023-03-19
4,12,14,7780,65,2023-03-31
1,25,14,7781,65,2023-03-31
2,18,14,7782,15,2023-04-01
4,12,14,7783,15,2023-04-01
3,15,14,7787,27,2023-04-02
3,15,14,7953,46,2023-03-05
8,4,14,9063,34,2023-04-28
6,8,14,9064,34,2023-04-28
6,8,14,9069,10,2023-04-29
4,12,14,9070,61,2023-04-30
7,6,14,9071,58,2023-05-05
5,10,14,9072,58,2023-05-05
12,0,14,9073,49,2023-05-06
2,18,14,9074,49,2023-05-06
3,15,14,9078,72,2023-05-07
2,18,14,9087,39,2023-05-26
4,12,14,9088,39,2023-05-26
14,0,14,9089,24,2023-05-27
2,18,14,9090,24,2023-05-27
2,18,14,9094,83,2023-05-28
6,8,14,9095,47,2023-06-02
2,18,14,9096,47,2023-06-02
5,10,14,9097,43,2023-06-03
9,2,14,9098,43,2023-06-03
7,6,14,9102,30,2023-06-04
3,15,14,9103,40,2023-06-16
4,12,14,9104,40,2023-06-16
3,15,14,9105,55,2023-06-17
3,15,14,9106,55,2023-06-17
2,18,14,9110,1,2023-06-18
7,6,14,9112,21,2023-06-30
5,10,14,9117,63,2023-07-01
6,8,14,9118,29,2023-07-02
4,12,14,9119,18,2023-07-07
10,1,14,9120,18,2023-07-07
3,15,14,9121,56,2023-07-08
9,2,14,9122,56,2023-07-08
7,6,14,9126,45,2023-07-09
8,4,14,9127,69,2023-07-21
9,2,14,9128,20,2023-07-22
8,4,14,9129,20,2023-07-22
9,2,14,9133,82,2023-07-23
11,0,14,9134,32,2023-07-28
9,2,14,9135,32,2023-07-28
20,0,14,9140,4,2023-07-29
5,10,14,9141,67,2023-07-30
2,18,14,9142,38,2023-08-25
10,1,14,9143,38,2023-08-25
4,12,14,9144,64,2023-08-26
5,10,14,9145,64,2023-08-26
2,18,14,9149,44,2023-08-27
6,8,14,9150,19,2023-09-01
8,4,14,9151,19,2023-09-01
5,10,14,9152,51,2023-09-02
10,1,14,9153,51,2023-09-02
9,2,14,9157,6,2023-09-03
8,4,14,9158,33,2023-09-15
4,12,14,9159,33,2023-09-15
13,0,14,9160,70,2023-09-16
7,6,14,9161,70,2023-09-16
15,0,14,9165,16,2023-09-17
6,8,14,9166,37,2023-09-22
6,8,14,9167,37,2023-09-22
9,2,14,9168,52,2023-09-23
10,1,14,9169,52,2023-09-23
8,4,14,9173,68,2023-09-24
16,0,14,9174,48,2023-10-27
20,0,14,9175,48,2023-10-27
17,0,14,9176,81,2023-10-28
13,0,14,9177,81,2023-10-28
18,0,14,9181,12,2023-10-29
19,0,14,9182,5,2023-11-17
3,15,14,9183,5,2023-11-17
7,6,14,9184,7,2023-11-18
9,2,14,9189,25,2023-11-19
11,0,14,9191,8,2023-11-24
14,0,14,9192,3,2023-11-25
7,6,14,9193,3,2023-11-25
7,6,14,9197,31,2023-11-26
11,0,14,9198,60,2023-11-03
11,0,14,9204,11,2023-11-04
3,15,14,9205,14,2023-11-05
18,0,14,9206,73,2023-10-20
17,0,14,9207,73,2023-10-20
13,0,14,9212,66,2023-10-21
18,0,14,9213,79,2023-10-22
2,18,14,9214,17,2023-10-06
5,10,14,9215,17,2023-10-06
9,2,14,9220,78,2023-10-07
6,8,14,9221,28,2023-10-08
2,18,14,9222,74,2023-02-23
5,10,14,9223,69,2023-07-21
8,4,14,9278,10,2023-04-29
7,6,14,9282,63,2023-07-01
15,0,14,9286,4,2023-07-29
12,0,14,9294,66,2023-10-21
9,2,14,9298,78,2023-10-07
4,12,14,9304,60,2023-11-03
15,0,14,9308,11,2023-11-04
10,1,14,9314,7,2023-11-18
5,10,14,9465,23,2024-02-29
2,18,14,9466,59,2024-03-01
2,18,14,9467,59,2024-03-01
6,8,14,9468,59,2024-03-01
9,2,14,9472,50,2024-03-02
1,25,14,9473,62,2024-03-07
1,25,14,9474,62,2024-03-07
6,8,14,9475,22,2024-03-08
4,12,14,9476,22,2024-03-08
5,10,14,9480,53,2024-03-09
5,10,14,9481,76,2024-03-22
5,10,14,9482,76,2024-03-22
6,8,14,9483,42,2024-03-23
10,1,14,9484,42,2024-03-23
6,8,14,9488,54,2024-03-24
7,6,14,9489,75,2024-04-05
18,0,14,9490,75,2024-04-05
5,10,14,9491,13,2024-04-06
5,10,14,9492,13,2024-04-06
6,8,14,9496,26,2024-04-07
19,0,14,9497,-1,2024-05-03
8,4,14,9502,-1,2024-05-03
19,0,14,9663,36,2024-04-19
3,15,14,9664,2,2024-04-20
3,15,14,9668,36,2024-04-19
20,0,14,9672,2,2024-04-20
7,6,14,9673,57,2024-04-21
8,4,16,7763,41,2023-02-24
4,12,16,7764,0,2023-02-25
5,10,16,7765,71,2023-03-03
4,12,16,7766,71,2023-03-03
5,10,16,7767,9,2023-03-04
3,15,16,7768,9,2023-03-04
11,0,16,7772,35,2023-03-17
9,2,16,7773,35,2023-03-17
6,8,16,7774,77,2023-03-18
2,18,16,7775,77,2023-03-18
7,6,16,7779,80,2023-03-19
5,10,16,7780,65,2023-03-31
2,18,16,7781,65,2023-03-31
13,0,16,7782,15,2023-04-01
7,6,16,7783,15,2023-04-01
20,0,16,7787,27,2023-04-02
19,0,16,7953,46,2023-03-05
2,18,16,9063,34,2023-04-28
1,25,16,9064,34,2023-04-28
2,18,16,9069,10,2023-04-29
3,15,16,9070,61,2023-04-30
3,15,16,9071,58,2023-05-05
3,15,16,9072,58,2023-05-05
2,18,16,9073,49,2023-05-06
7,6,16,9074,49,2023-05-06
7,6,16,9078,72,2023-05-07
5,10,16,9087,39,2023-05-26
2,18,16,9088,39,2023-05-26
7,6,16,9089,24,2023-05-27
3,15,16,9090,24,2023-05-27
6,8,16,9094,83,2023-05-28
8,4,16,9095,47,2023-06-02
6,8,16,9096,47,2023-06-02
7,6,16,9097,43,2023-06-03
19,0,16,9098,43,2023-06-03
11,0,16,9102,30,2023-06-04
11,0,16,9103,40,2023-06-16
5,10,16,9104,40,2023-06-16
2,18,16,9105,55,2023-06-17
11,0,16,9106,55,2023-06-17
4,12,16,9110,1,2023-06-18
2,18,16,9112,21,2023-06-30
12,0,16,9117,63,2023-07-01
2,18,16,9118,29,2023-07-02
5,10,16,9119,18,2023-07-07
20,0,16,9120,18,2023-07-07
1,25,16,9121,56,2023-07-08
4,12,16,9122,56,2023-07-08
9,2,16,9126,45,2023-07-09
1,25,16,9127,69,2023-07-21
7,6,16,9128,20,2023-07-22
6,8,16,9129,20,2023-07-22
7,6,16,9133,82,2023-07-23
4,12,16,9134,32,2023-07-28
2,18,16,9135,32,2023-07-28
5,10,16,9140,4,2023-07-29
3,15,16,9141,67,2023-07-30
16,0,16,9142,38,2023-08-25
11,0,16,9143,38,2023-08-25
9,2,16,9144,64,2023-08-26
9,2,16,9145,64,2023-08-26
19,0,16,9149,44,2023-08-27
4,12,16,9150,19,2023-09-01
6,8,16,9151,19,2023-09-01
4,12,16,9152,51,2023-09-02
3,15,16,9153,51,2023-09-02
4,12,16,9157,6,2023-09-03
1,25,16,9158,33,2023-09-15
2,18,16,9159,33,2023-09-15
5,10,16,9160,70,2023-09-16
3,15,16,9161,70,2023-09-16
4,12,16,9165,16,2023-09-17
4,12,16,9166,37,2023-09-22
2,18,16,9167,37,2023-09-22
5,10,16,9168,52,2023-09-23
4,12,16,9169,52,2023-09-23
4,12,16,9173,68,2023-09-24
5,10,16,9174,48,2023-10-27
3,15,16,9175,48,2023-10-27
13,0,16,9176,81,2023-10-28
1,25,16,9177,81,2023-10-28
3,15,16,9181,12,2023-10-29
1,25,16,9182,5,2023-11-17
1,25,16,9183,5,2023-11-17
16,0,16,9184,7,2023-11-18
2,18,16,9189,25,2023-11-19
1,25,16,9191,8,2023-11-24
5,10,16,9192,3,2023-11-25
2,18,16,9193,3,2023-11-25
2,18,16,9197,31,2023-11-26
2,18,16,9198,60,2023-11-03
5,10,16,9204,11,2023-11-04
18,0,16,9205,14,2023-11-05
2,18,16,9206,73,2023-10-20
1,25,16,9207,73,2023-10-20
3,15,16,9212,66,2023-10-21
6,8,16,9213,79,2023-10-22
7,6,16,9214,17,2023-10-06
6,8,16,9215,17,2023-10-06
7,6,16,9220,78,2023-10-07
5,10,16,9221,28,2023-10-08
4,12,16,9222,74,2023-02-23
7,6,16,9223,69,2023-07-21
1,25,16,9278,10,2023-04-29
6,8,16,9282,63,2023-07-01
4,12,16,9286,4,2023-07-29
2,18,16,9294,66,2023-10-21
6,8,16,9298,78,2023-10-07
2,18,16,9304,60,2023-11-03
7,6,16,9308,11,2023-11-04
1,25,16,9314,7,2023-11-18
8,4,16,9465,23,2024-02-29
4,12,16,9466,59,2024-03-01
4,12,16,9467,59,2024-03-01
2,18,16,9468,59,2024-03-01
4,12,16,9472,50,2024-03-02
4,12,16,9473,62,2024-03-07
4,12,16,9474,62,2024-03-07
2,18,16,9475,22,2024-03-08
2,18,16,9476,22,2024-03-08
3,15,16,9480,53,2024-03-09
1,25,16,9481,76,2024-03-22
1,25,16,9482,76,2024-03-22
1,25,16,9483,42,2024-03-23
5,10,16,9484,42,2024-03-23
2,18,16,9488,54,2024-03-24
6,8,16,9489,75,2024-04-05
3,15,16,9490,75,2024-04-05
10,1,16,9491,13,2024-04-06
8,4,16,9492,13,2024-04-06
4,12,16,9496,26,2024-04-07
20,0,16,9497,-1,2024-05-03
2,18,16,9502,-1,2024-05-03
13,0,16,9663,36,2024-04-19
6,8,16,9664,2,2024-04-20
7,6,16,9668,36,2024-04-19
4,12,16,9672,2,2024-04-20
4,12,16,9673,57,2024-04-21
6,8,18,7765,71,2023-03-03
6,8,18,7766,71,2023-03-03
7,6,18,7767,9,2023-03-04
8,4,18,7768,9,2023-03-04
4,12,18,7772,35,2023-03-17
7,6,18,7773,35,2023-03-17
4,12,18,7774,77,2023-03-18
6,8,18,7775,77,2023-03-18
20,0,18,7779,80,2023-03-19
10,1,18,7780,65,2023-03-31
16,0,18,7781,65,2023-03-31
9,2,18,7782,15,2023-04-01
6,8,18,7783,15,2023-04-01
4,12,18,7787,27,2023-04-02
6,8,18,7953,46,2023-03-05
7,6,18,9063,34,2023-04-28
9,2,18,9064,34,2023-04-28
8,4,18,9069,10,2023-04-29
7,6,18,9070,61,2023-04-30
8,4,18,9071,58,2023-05-05
8,4,18,9072,58,2023-05-05
14,0,18,9073,49,2023-05-06
18,0,18,9074,49,2023-05-06
12,0,18,9078,72,2023-05-07
9,2,18,9087,39,2023-05-26
11,0,18,9088,39,2023-05-26
3,15,18,9089,24,2023-05-27
14,0,18,9090,24,2023-05-27
20,0,18,9094,83,2023-05-28
15,0,18,9095,47,2023-06-02
18,0,18,9096,47,2023-06-02
13,0,18,9097,43,2023-06-03
6,8,18,9098,43,2023-06-03
6,8,18,9102,30,2023-06-04
2,18,18,9103,40,2023-06-16
9,2,18,9104,40,2023-06-16
7,6,18,9105,55,2023-06-17
13,0,18,9106,55,2023-06-17
9,2,18,9110,1,2023-06-18
6,8,18,9112,21,2023-06-30
4,12,18,9117,63,2023-07-01
10,1,18,9118,29,2023-07-02
9,2,18,9119,18,2023-07-07
6,8,18,9120,18,2023-07-07
13,0,18,9121,56,2023-07-08
12,0,18,9122,56,2023-07-08
14,0,18,9126,45,2023-07-09
12,0,18,9127,69,2023-07-21
11,0,18,9128,20,2023-07-22
14,0,18,9129,20,2023-07-22
10,1,18,9133,82,2023-07-23
17,0,18,9134,32,2023-07-28
10,1,18,9135,32,2023-07-28
11,0,18,9140,4,2023-07-29
9,2,18,9141,67,2023-07-30
20,0,18,9142,38,2023-08-25
8,4,18,9143,38,2023-08-25
17,0,18,9144,64,2023-08-26
11,0,18,9145,64,2023-08-26
11,0,18,9149,44,2023-08-27
20,0,18,9151,19,2023-09-01
11,0,18,9152,51,2023-09-02
20,0,18,9153,51,2023-09-02
16,0,18,9157,6,2023-09-03
11,0,18,9158,33,2023-09-15
14,0,18,9159,33,2023-09-15
14,0,18,9160,70,2023-09-16
20,0,18,9161,70,2023-09-16
10,1,18,9166,37,2023-09-22
11,0,18,9167,37,2023-09-22
19,0,18,9168,52,2023-09-23
17,0,18,9169,52,2023-09-23
18,0,18,9173,68,2023-09-24
10,1,18,9174,48,2023-10-27
18,0,18,9175,48,2023-10-27
14,0,18,9176,81,2023-10-28
18,0,18,9177,81,2023-10-28
17,0,18,9181,12,2023-10-29
16,0,18,9182,5,2023-11-17
8,4,18,9183,5,2023-11-17
13,0,18,9184,7,2023-11-18
5,10,18,9189,25,2023-11-19
5,10,18,9190,8,2023-11-24
13,0,18,9191,8,2023-11-24
15,0,18,9192,3,2023-11-25
13,0,18,9193,3,2023-11-25
10,1,18,9197,31,2023-11-26
6,8,18,9198,60,2023-11-03
12,0,18,9204,11,2023-11-04
5,10,18,9205,14,2023-11-05
20,0,18,9206,73,2023-10-20
19,0,18,9207,73,2023-10-20
20,0,18,9212,66,2023-10-21
9,2,18,9213,79,2023-10-22
17,0,18,9214,17,2023-10-06
17,0,18,9215,17,2023-10-06
13,0,18,9220,78,2023-10-07
11,0,18,9221,28,2023-10-08
3,15,18,9223,69,2023-07-21
9,2,18,9278,10,2023-04-29
8,4,18,9282,63,2023-07-01
14,0,18,9286,4,2023-07-29
14,0,18,9294,66,2023-10-21
16,0,18,9298,78,2023-10-07
3,15,18,9304,60,2023-11-03
17,0,18,9308,11,2023-11-04
14,0,18,9314,7,2023-11-18
14,0,18,9465,23,2024-02-29
10,1,18,9466,59,2024-03-01
10,1,18,9467,59,2024-03-01
12,0,18,9468,59,2024-03-01
10,1,18,9472,50,2024-03-02
6,8,18,9473,62,2024-03-07
6,8,18,9474,62,2024-03-07
7,6,18,9475,22,2024-03-08
10,1,18,9476,22,2024-03-08
19,0,18,9480,53,2024-03-09
4,12,18,9481,76,2024-03-22
4,12,18,9482,76,2024-03-22
9,2,18,9483,42,2024-03-23
9,2,18,9484,42,2024-03-23
7,6,18,9488,54,2024-03-24
15,0,18,9489,75,2024-04-05
19,0,18,9490,75,2024-04-05
18,0,18,9491,13,2024-04-06
16,0,18,9492,13,2024-04-06
12,0,18,9496,26,2024-04-07
5,10,18,9497,-1,2024-05-03
7,6,18,9502,-1,2024-05-03
1,25,18,9663,36,2024-04-19
11,0,18,9664,2,2024-04-20
15,0,18,9668,36,2024-04-19
14,0,18,9672,2,2024-04-20
15,0,18,9673,57,2024-04-21
11,0,20,7763,41,2023-02-24
7,6,20,7764,0,2023-02-25
7,6,20,7765,71,2023-03-03
16,0,20,7766,71,2023-03-03
14,0,20,7767,9,2023-03-04
17,0,20,7768,9,2023-03-04
16,0,20,7772,35,2023-03-17
15,0,20,7773,35,2023-03-17
17,0,20,7774,77,2023-03-18
13,0,20,7775,77,2023-03-18
10,1,20,7779,80,2023-03-19
20,0,20,7780,65,2023-03-31
19,0,20,7781,65,2023-03-31
18,0,20,7782,15,2023-04-01
14,0,20,7783,15,2023-04-01
17,0,20,7787,27,2023-04-02
13,0,20,7953,46,2023-03-05
20,0,20,9063,34,2023-04-28
18,0,20,9064,34,2023-04-28
11,0,20,9069,10,2023-04-29
13,0,20,9070,61,2023-04-30
13,0,20,9071,58,2023-05-05
12,0,20,9072,58,2023-05-05
11,0,20,9073,49,2023-05-06
4,12,20,9074,49,2023-05-06
10,1,20,9078,72,2023-05-07
12,0,20,9087,39,2023-05-26
14,0,20,9088,39,2023-05-26
12,0,20,9089,24,2023-05-27
17,0,20,9090,24,2023-05-27
19,0,20,9094,83,2023-05-28
7,6,20,9095,47,2023-06-02
15,0,20,9096,47,2023-06-02
17,0,20,9097,43,2023-06-03
17,0,20,9098,43,2023-06-03
18,0,20,9102,30,2023-06-04
7,6,20,9103,40,2023-06-16
12,0,20,9104,40,2023-06-16
4,12,20,9105,55,2023-06-17
14,0,20,9106,55,2023-06-17
17,0,20,9110,1,2023-06-18
19,0,20,9112,21,2023-06-30
14,0,20,9117,63,2023-07-01
19,0,20,9118,29,2023-07-02
19,0,20,9119,18,2023-07-07
17,0,20,9120,18,2023-07-07
15,0,20,9121,56,2023-07-08
20,0,20,9122,56,2023-07-08
19,0,20,9126,45,2023-07-09
15,0,20,9127,69,2023-07-21
15,0,20,9128,20,2023-07-22
19,0,20,9129,20,2023-07-22
17,0,20,9133,82,2023-07-23
8,4,20,9134,32,2023-07-28
13,0,20,9135,32,2023-07-28
14,0,20,9140,4,2023-07-29
15,0,20,9141,67,2023-07-30
14,0,20,9142,38,2023-08-25
17,0,20,9143,38,2023-08-25
20,0,20,9144,64,2023-08-26
18,0,20,9145,64,2023-08-26
14,0,20,9149,44,2023-08-27
19,0,20,9150,19,2023-09-01
11,0,20,9151,19,2023-09-01
7,6,20,9152,51,2023-09-02
19,0,20,9153,51,2023-09-02
18,0,20,9157,6,2023-09-03
15,0,20,9158,33,2023-09-15
9,2,20,9159,33,2023-09-15
11,0,20,9160,70,2023-09-16
6,8,20,9161,70,2023-09-16
10,1,20,9165,16,2023-09-17
18,0,20,9166,37,2023-09-22
17,0,20,9167,37,2023-09-22
12,0,20,9168,52,2023-09-23
15,0,20,9169,52,2023-09-23
15,0,20,9173,68,2023-09-24
19,0,20,9175,48,2023-10-27
19,0,20,9176,81,2023-10-28
17,0,20,9177,81,2023-10-28
19,0,20,9181,12,2023-10-29
3,15,20,9182,5,2023-11-17
13,0,20,9183,5,2023-11-17
10,1,20,9184,7,2023-11-18
13,0,20,9189,25,2023-11-19
19,0,20,9190,8,2023-11-24
17,0,20,9191,8,2023-11-24
19,0,20,9192,3,2023-11-25
17,0,20,9193,3,2023-11-25
20,0,20,9197,31,2023-11-26
10,1,20,9198,60,2023-11-03
16,0,20,9204,11,2023-11-04
19,0,20,9205,14,2023-11-05
5,10,20,9206,73,2023-10-20
14,0,20,9207,73,2023-10-20
18,0,20,9212,66,2023-10-21
16,0,20,9213,79,2023-10-22
19,0,20,9214,17,2023-10-06
19,0,20,9215,17,2023-10-06
14,0,20,9220,78,2023-10-07
14,0,20,9221,28,2023-10-08
19,0,20,9222,74,2023-02-23
11,0,20,9223,69,2023-07-21
14,0,20,9278,10,2023-04-29
10,1,20,9282,63,2023-07-01
18,0,20,9286,4,2023-07-29
17,0,20,9294,66,2023-10-21
19,0,20,9298,78,2023-10-07
14,0,20,9304,60,2023-11-03
11,0,20,9308,11,2023-11-04
9,2,20,9314,7,2023-11-18
19,0,20,9465,23,2024-02-29
19,0,20,9466,59,2024-03-01
14,0,20,9467,59,2024-03-01
15,0,20,9468,59,2024-03-01
12,0,20,9472,50,2024-03-02
16,0,20,9473,62,2024-03-07
17,0,20,9474,62,2024-03-07
11,0,20,9475,22,2024-03-08
13,0,20,9476,22,2024-03-08
12,0,20,9480,53,2024-03-09
19,0,20,9481,76,2024-03-22
19,0,20,9482,76,2024-03-22
17,0,20,9483,42,2024-03-23
14,0,20,9484,42,2024-03-23
10,1,20,9488,54,2024-03-24
19,0,20,9489,75,2024-04-05
9,2,20,9490,75,2024-04-05
20,0,20,9491,13,2024-04-06
18,0,20,9492,13,2024-04-06
13,0,20,9496,26,2024-04-07
12,0,20,9497,-1,2024-05-03
14,0,20,9502,-1,2024-05-03
6,8,20,9663,36,2024-04-19
17,0,20,9664,2,2024-04-20
12,0,20,9668,36,2024-04-19
10,1,20,9672,2,2024-04-20
16,0,20,9673,57,2024-04-21
4,12,21,7763,41,2023-02-24
17,0,21,7764,0,2023-02-25
16,0,21,7765,71,2023-03-03
19,0,21,7766,71,2023-03-03
20,0,21,7767,9,2023-03-04
19,0,21,7768,9,2023-03-04
13,0,21,7772,35,2023-03-17
17,0,21,7773,35,2023-03-17
20,0,21,7774,77,2023-03-18
18,0,21,7775,77,2023-03-18
14,0,21,7779,80,2023-03-19
14,0,21,7780,65,2023-03-31
17,0,21,7781,65,2023-03-31
19,0,21,7782,15,2023-04-01
15,0,21,7783,15,2023-04-01
15,0,21,7787,27,2023-04-02
14,0,21,7953,46,2023-03-05
6,8,21,9063,34,2023-04-28
20,0,21,9064,34,2023-04-28
14,0,21,9069,10,2023-04-29
20,0,21,9070,61,2023-04-30
20,0,21,9071,58,2023-05-05
19,0,21,9072,58,2023-05-05
20,0,21,9073,49,2023-05-06
15,0,21,9074,49,2023-05-06
18,0,21,9078,72,2023-05-07
16,0,21,9087,39,2023-05-26
17,0,21,9088,39,2023-05-26
20,0,21,9089,24,2023-05-27
12,0,21,9090,24,2023-05-27
12,0,21,9094,83,2023-05-28
4,12,21,9095,47,2023-06-02
16,0,21,9096,47,2023-06-02
12,0,21,9097,43,2023-06-03
14,0,21,9098,43,2023-06-03
14,0,21,9102,30,2023-06-04
12,0,21,9103,40,2023-06-16
16,0,21,9104,40,2023-06-16
16,0,21,9105,55,2023-06-17
18,0,21,9106,55,2023-06-17
18,0,21,9110,1,2023-06-18
20,0,21,9112,21,2023-06-30
17,0,21,9117,63,2023-07-01
15,0,21,9118,29,2023-07-02
11,0,21,9119,18,2023-07-07
19,0,21,9120,18,2023-07-07
11,0,21,9121,56,2023-07-08
19,0,21,9122,56,2023-07-08
17,0,21,9126,45,2023-07-09
13,0,21,9222,74,2023-02-23
20,0,21,9278,10,2023-04-29
14,0,21,9282,63,2023-07-01
17,0,22,7763,41,2023-02-24
6,8,22,7764,0,2023-02-25
13,0,22,7765,71,2023-03-03
18,0,22,7766,71,2023-03-03
16,0,22,7767,9,2023-03-04
14,0,22,7768,9,2023-03-04
10,1,22,7772,35,2023-03-17
13,0,22,7773,35,2023-03-17
19,0,22,7774,77,2023-03-18
16,0,22,7775,77,2023-03-18
11,0,22,7779,80,2023-03-19
17,0,22,7780,65,2023-03-31
11,0,22,7781,65,2023-03-31
16,0,22,7782,15,2023-04-01
12,0,22,7783,15,2023-04-01
10,1,22,7787,27,2023-04-02
11,0,22,7953,46,2023-03-05
14,0,22,9063,34,2023-04-28
8,4,22,9064,34,2023-04-28
19,0,22,9069,10,2023-04-29
10,1,22,9070,61,2023-04-30
18,0,22,9071,58,2023-05-05
18,0,22,9072,58,2023-05-05
16,0,22,9073,49,2023-05-06
17,0,22,9074,49,2023-05-06
11,0,22,9078,72,2023-05-07
13,0,22,9087,39,2023-05-26
16,0,22,9088,39,2023-05-26
15,0,22,9089,24,2023-05-27
9,2,22,9090,24,2023-05-27
15,0,22,9094,83,2023-05-28
14,0,22,9095,47,2023-06-02
17,0,22,9096,47,2023-06-02
9,2,22,9097,43,2023-06-03
15,0,22,9098,43,2023-06-03
12,0,22,9102,30,2023-06-04
13,0,22,9103,40,2023-06-16
15,0,22,9104,40,2023-06-16
8,4,22,9105,55,2023-06-17
16,0,22,9106,55,2023-06-17
14,0,22,9110,1,2023-06-18
16,0,22,9112,21,2023-06-30
16,0,22,9117,63,2023-07-01
18,0,22,9118,29,2023-07-02
16,0,22,9119,18,2023-07-07
18,0,22,9120,18,2023-07-07
10,1,22,9121,56,2023-07-08
17,0,22,9122,56,2023-07-08
16,0,22,9126,45,2023-07-09
4,12,22,9127,69,2023-07-21
20,0,22,9128,20,2023-07-22
17,0,22,9129,20,2023-07-22
15,0,22,9133,82,2023-07-23
7,6,22,9134,32,2023-07-28
11,0,22,9135,32,2023-07-28
18,0,22,9140,4,2023-07-29
10,1,22,9141,67,2023-07-30
9,2,22,9142,38,2023-08-25
5,10,22,9143,38,2023-08-25
13,0,22,9144,64,2023-08-26
14,0,22,9145,64,2023-08-26
16,0,22,9149,44,2023-08-27
9,2,22,9150,19,2023-09-01
14,0,22,9151,19,2023-09-01
13,0,22,9152,51,2023-09-02
11,0,22,9153,51,2023-09-02
20,0,22,9157,6,2023-09-03
9,2,22,9158,33,2023-09-15
16,0,22,9159,33,2023-09-15
10,1,22,9160,70,2023-09-16
15,0,22,9161,70,2023-09-16
19,0,22,9165,16,2023-09-17
5,10,22,9166,37,2023-09-22
18,0,22,9167,37,2023-09-22
14,0,22,9168,52,2023-09-23
9,2,22,9169,52,2023-09-23
12,0,22,9173,68,2023-09-24
12,0,22,9175,48,2023-10-27
7,6,22,9176,81,2023-10-28
15,0,22,9177,81,2023-10-28
12,0,22,9181,12,2023-10-29
8,4,22,9182,5,2023-11-17
17,0,22,9183,5,2023-11-17
18,0,22,9184,7,2023-11-18
18,0,22,9189,25,2023-11-19
10,1,22,9190,8,2023-11-24
15,0,22,9191,8,2023-11-24
9,2,22,9192,3,2023-11-25
6,8,22,9193,3,2023-11-25
8,4,22,9197,31,2023-11-26
13,0,22,9198,60,2023-11-03
6,8,22,9204,11,2023-11-04
9,2,22,9205,14,2023-11-05
13,0,22,9206,73,2023-10-20
11,0,22,9207,73,2023-10-20
14,0,22,9212,66,2023-10-21
10,1,22,9213,79,2023-10-22
11,0,22,9214,17,2023-10-06
11,0,22,9215,17,2023-10-06
12,0,22,9220,78,2023-10-07
15,0,22,9221,28,2023-10-08
15,0,22,9222,74,2023-02-23
12,0,22,9223,69,2023-07-21
18,0,22,9278,10,2023-04-29
13,0,22,9282,63,2023-07-01
16,0,22,9286,4,2023-07-29
19,0,22,9294,66,2023-10-21
18,0,22,9298,78,2023-10-07
16,0,22,9304,60,2023-11-03
6,8,22,9308,11,2023-11-04
20,0,22,9314,7,2023-11-18
4,12,22,9465,23,2024-02-29
13,0,22,9466,59,2024-03-01
13,0,22,9467,59,2024-03-01
11,0,22,9468,59,2024-03-01
14,0,22,9472,50,2024-03-02
9,2,22,9473,62,2024-03-07
11,0,22,9474,62,2024-03-07
13,0,22,9475,22,2024-03-08
9,2,22,9476,22,2024-03-08
14,0,22,9480,53,2024-03-09
10,1,22,9481,76,2024-03-22
10,1,22,9482,76,2024-03-22
11,0,22,9483,42,2024-03-23
8,4,22,9484,42,2024-03-23
8,4,22,9488,54,2024-03-24
9,2,22,9489,75,2024-04-05
4,12,22,9490,75,2024-04-05
9,2,22,9491,13,2024-04-06
10,1,22,9492,13,2024-04-06
10,1,22,9496,26,2024-04-07
8,4,22,9497,-1,2024-05-03
15,0,22,9502,-1,2024-05-03
12,0,22,9663,36,2024-04-19
19,0,22,9664,2,2024-04-20
19,0,22,9668,36,2024-04-19
16,0,22,9672,2,2024-04-20
19,0,22,9673,57,2024-04-21
13,0,23,7764,0,2023-02-25
19,0,23,7765,71,2023-03-03
17,0,23,7766,71,2023-03-03
19,0,23,7767,9,2023-03-04
15,0,23,7768,9,2023-03-04
9,2,23,7772,35,2023-03-17
14,0,23,7773,35,2023-03-17
15,0,23,7774,77,2023-03-18
17,0,23,7775,77,2023-03-18
19,0,23,7779,80,2023-03-19
11,0,23,7780,65,2023-03-31
18,0,23,7781,65,2023-03-31
12,0,23,7782,15,2023-04-01
8,4,23,7783,15,2023-04-01
19,0,23,7787,27,2023-04-02
10,1,23,7953,46,2023-03-05
9,2,23,9063,34,2023-04-28
13,0,23,9064,34,2023-04-28
9,2,23,9069,10,2023-04-29
12,0,23,9070,61,2023-04-30
15,0,23,9071,58,2023-05-05
10,1,23,9072,58,2023-05-05
9,2,23,9073,49,2023-05-06
11,0,23,9074,49,2023-05-06
14,0,23,9078,72,2023-05-07
10,1,23,9087,39,2023-05-26
19,0,23,9088,39,2023-05-26
18,0,23,9089,24,2023-05-27
13,0,23,9090,24,2023-05-27
14,0,23,9094,83,2023-05-28
20,0,23,9095,47,2023-06-02
19,0,23,9096,47,2023-06-02
19,0,23,9097,43,2023-06-03
18,0,23,9098,43,2023-06-03
16,0,23,9102,30,2023-06-04
16,0,23,9103,40,2023-06-16
17,0,23,9104,40,2023-06-16
14,0,23,9105,55,2023-06-17
10,1,23,9106,55,2023-06-17
7,6,23,9110,1,2023-06-18
10,1,23,9112,21,2023-06-30
13,0,23,9117,63,2023-07-01
11,0,23,9118,29,2023-07-02
3,15,23,9119,18,2023-07-07
3,15,23,9120,18,2023-07-07
2,18,23,9121,56,2023-07-08
8,4,23,9122,56,2023-07-08
8,4,23,9126,45,2023-07-09
13,0,23,9127,69,2023-07-21
13,0,23,9128,20,2023-07-22
16,0,23,9129,20,2023-07-22
11,0,23,9133,82,2023-07-23
6,8,23,9134,32,2023-07-28
16,0,23,9135,32,2023-07-28
12,0,23,9140,4,2023-07-29
14,0,23,9141,67,2023-07-30
5,10,23,9142,38,2023-08-25
3,15,23,9143,38,2023-08-25
6,8,23,9144,64,2023-08-26
4,12,23,9145,64,2023-08-26
8,4,23,9149,44,2023-08-27
10,1,23,9150,19,2023-09-01
7,6,23,9151,19,2023-09-01
9,2,23,9152,51,2023-09-02
6,8,23,9153,51,2023-09-02
7,6,23,9157,6,2023-09-03
13,0,23,9158,33,2023-09-15
20,0,23,9159,33,2023-09-15
17,0,23,9160,70,2023-09-16
14,0,23,9161,70,2023-09-16
11,0,23,9165,16,2023-09-17
8,4,23,9166,37,2023-09-22
7,6,23,9167,37,2023-09-22
18,0,23,9168,52,2023-09-23
13,0,23,9169,52,2023-09-23
16,0,23,9173,68,2023-09-24
2,18,23,9174,48,2023-10-27
14,0,23,9175,48,2023-10-27
2,18,23,9176,81,2023-10-28
14,0,23,9177,81,2023-10-28
9,2,23,9181,12,2023-10-29
18,0,23,9182,5,2023-11-17
10,1,23,9183,5,2023-11-17
6,8,23,9184,7,2023-11-18
12,0,23,9189,25,2023-11-19
16,0,23,9191,8,2023-11-24
4,12,23,9192,3,2023-11-25
14,0,23,9193,3,2023-11-25
14,0,23,9197,31,2023-11-26
5,10,23,9198,60,2023-11-03
15,0,23,9204,11,2023-11-04
20,0,23,9205,14,2023-11-05
7,6,23,9206,73,2023-10-20
18,0,23,9207,73,2023-10-20
9,2,23,9212,66,2023-10-21
11,0,23,9213,79,2023-10-22
15,0,23,9214,17,2023-10-06
14,0,23,9215,17,2023-10-06
8,4,23,9220,78,2023-10-07
13,0,23,9221,28,2023-10-08
7,6,23,9222,74,2023-02-23
13,0,23,9223,69,2023-07-21
7,6,23,9278,10,2023-04-29
11,0,23,9282,63,2023-07-01
12,0,23,9286,4,2023-07-29
9,2,23,9294,66,2023-10-21
17,0,23,9298,78,2023-10-07
15,0,23,9304,60,2023-11-03
19,0,23,9308,11,2023-11-04
6,8,23,9314,7,2023-11-18
13,0,23,9465,23,2024-02-29
14,0,23,9466,59,2024-03-01
15,0,23,9467,59,2024-03-01
13,0,23,9468,59,2024-03-01
15,0,23,9472,50,2024-03-02
13,0,23,9473,62,2024-03-07
14,0,23,9474,62,2024-03-07
17,0,23,9475,22,2024-03-08
12,0,23,9476,22,2024-03-08
11,0,23,9480,53,2024-03-09
20,0,23,9481,76,2024-03-22
20,0,23,9482,76,2024-03-22
13,0,23,9483,42,2024-03-23
12,0,23,9484,42,2024-03-23
11,0,23,9488,54,2024-03-24
12,0,23,9489,75,2024-04-05
12,0,23,9490,75,2024-04-05
11,0,23,9491,13,2024-04-06
14,0,23,9492,13,2024-04-06
20,0,23,9496,26,2024-04-07
14,0,23,9497,-1,2024-05-03
20,0,23,9502,-1,2024-05-03
8,4,23,9663,36,2024-04-19
14,0,23,9664,2,2024-04-20
18,0,23,9668,36,2024-04-19
17,0,23,9672,2,2024-04-20
12,0,23,9673,57,2024-04-21
1,25,24,7763,41,2023-02-24
8,4,24,7765,71,2023-03-03
10,1,24,7766,71,2023-03-03
12,0,24,7767,9,2023-03-04
13,0,24,7768,9,2023-03-04
19,0,24,7772,35,2023-03-17
16,0,24,7773,35,2023-03-17
12,0,24,7774,77,2023-03-18
12,0,24,7775,77,2023-03-18
13,0,24,7779,80,2023-03-19
19,0,24,7780,65,2023-03-31
15,0,24,7781,65,2023-03-31
10,1,24,7782,15,2023-04-01
17,0,24,7783,15,2023-04-01
9,2,24,7787,27,2023-04-02
16,0,24,7953,46,2023-03-05
10,1,24,9063,34,2023-04-28
16,0,24,9064,34,2023-04-28
12,0,24,9069,10,2023-04-29
19,0,24,9070,61,2023-04-30
17,0,24,9071,58,2023-05-05
13,0,24,9072,58,2023-05-05
15,0,24,9073,49,2023-05-06
14,0,24,9074,49,2023-05-06
16,0,24,9078,72,2023-05-07
19,0,24,9087,39,2023-05-26
13,0,24,9088,39,2023-05-26
16,0,24,9089,24,2023-05-27
19,0,24,9090,24,2023-05-27
13,0,24,9094,83,2023-05-28
13,0,24,9095,47,2023-06-02
13,0,24,9096,47,2023-06-02
11,0,24,9097,43,2023-06-03
13,0,24,9098,43,2023-06-03
9,2,24,9102,30,2023-06-04
9,2,24,9103,40,2023-06-16
14,0,24,9104,40,2023-06-16
18,0,24,9105,55,2023-06-17
20,0,24,9106,55,2023-06-17
16,0,24,9110,1,2023-06-18
17,0,24,9112,21,2023-06-30
19,0,24,9117,63,2023-07-01
14,0,24,9118,29,2023-07-02
18,0,24,9119,18,2023-07-07
11,0,24,9120,18,2023-07-07
20,0,24,9121,56,2023-07-08
18,0,24,9122,56,2023-07-08
15,0,24,9126,45,2023-07-09
9,2,24,9127,69,2023-07-21
12,0,24,9128,20,2023-07-22
5,10,24,9129,20,2023-07-22
16,0,24,9133,82,2023-07-23
15,0,24,9134,32,2023-07-28
17,0,24,9135,32,2023-07-28
15,0,24,9140,4,2023-07-29
13,0,24,9141,67,2023-07-30
17,0,24,9142,38,2023-08-25
15,0,24,9143,38,2023-08-25
19,0,24,9144,64,2023-08-26
16,0,24,9145,64,2023-08-26
18,0,24,9149,44,2023-08-27
20,0,24,9150,19,2023-09-01
19,0,24,9151,19,2023-09-01
19,0,24,9152,51,2023-09-02
16,0,24,9153,51,2023-09-02
14,0,24,9157,6,2023-09-03
18,0,24,9158,33,2023-09-15
17,0,24,9159,33,2023-09-15
19,0,24,9160,70,2023-09-16
19,0,24,9161,70,2023-09-16
12,0,24,9165,16,2023-09-17
20,0,24,9166,37,2023-09-22
16,0,24,9167,37,2023-09-22
10,1,24,9168,52,2023-09-23
19,0,24,9169,52,2023-09-23
13,0,24,9173,68,2023-09-24
13,0,24,9174,48,2023-10-27
13,0,24,9175,48,2023-10-27
12,0,24,9176,81,2023-10-28
10,1,24,9177,81,2023-10-28
15,0,24,9181,12,2023-10-29
14,0,24,9182,5,2023-11-17
18,0,24,9183,5,2023-11-17
15,0,24,9184,7,2023-11-18
15,0,24,9189,25,2023-11-19
7,6,24,9191,8,2023-11-24
10,1,24,9192,3,2023-11-25
19,0,24,9193,3,2023-11-25
17,0,24,9197,31,2023-11-26
8,4,24,9198,60,2023-11-03
17,0,24,9204,11,2023-11-04
17,0,24,9205,14,2023-11-05
16,0,24,9206,73,2023-10-20
12,0,24,9207,73,2023-10-20
17,0,24,9212,66,2023-10-21
15,0,24,9213,79,2023-10-22
20,0,24,9214,17,2023-10-06
20,0,24,9215,17,2023-10-06
15,0,24,9220,78,2023-10-07
9,2,24,9221,28,2023-10-08
8,4,24,9222,74,2023-02-23
8,4,24,9223,69,2023-07-21
16,0,24,9278,10,2023-04-29
16,0,24,9282,63,2023-07-01
19,0,24,9286,4,2023-07-29
15,0,24,9294,66,2023-10-21
15,0,24,9298,78,2023-10-07
20,0,24,9304,60,2023-11-03
18,0,24,9308,11,2023-11-04
18,0,24,9314,7,2023-11-18
15,0,24,9465,23,2024-02-29
15,0,24,9466,59,2024-03-01
16,0,24,9467,59,2024-03-01
17,0,24,9468,59,2024-03-01
11,0,24,9472,50,2024-03-02
12,0,24,9473,62,2024-03-07
13,0,24,9474,62,2024-03-07
19,0,24,9475,22,2024-03-08
20,0,24,9476,22,2024-03-08
18,0,24,9480,53,2024-03-09
11,0,24,9481,76,2024-03-22
11,0,24,9482,76,2024-03-22
14,0,24,9483,42,2024-03-23
19,0,24,9484,42,2024-03-23
15,0,24,9488,54,2024-03-24
18,0,24,9489,75,2024-04-05
10,1,24,9490,75,2024-04-05
15,0,24,9491,13,2024-04-06
20,0,24,9492,13,2024-04-06
18,0,24,9496,26,2024-04-07
15,0,24,9497,-1,2024-05-03
17,0,24,9502,-1,2024-05-03
11,0,24,9663,36,2024-04-19
16,0,24,9664,2,2024-04-20
10,1,24,9668,36,2024-04-19
9,2,24,9672,2,2024-04-20
14,0,24,9673,57,2024-04-21
5,10,27,7763,41,2023-02-24
15,0,27,7764,0,2023-02-25
14,0,27,7765,71,2023-03-03
5,10,27,7766,71,2023-03-03
15,0,27,7767,9,2023-03-04
10,1,27,7768,9,2023-03-04
15,0,27,7772,35,2023-03-17
8,4,27,7773,35,2023-03-17
13,0,27,7774,77,2023-03-18
11,0,27,7775,77,2023-03-18
12,0,27,7779,80,2023-03-19
13,0,27,7780,65,2023-03-31
9,2,27,7781,65,2023-03-31
11,0,27,7782,15,2023-04-01
10,1,27,7783,15,2023-04-01
7,6,27,7787,27,2023-04-02
15,0,27,7953,46,2023-03-05
15,0,27,9063,34,2023-04-28
17,0,27,9064,34,2023-04-28
15,0,27,9069,10,2023-04-29
17,0,27,9070,61,2023-04-30
9,2,27,9071,58,2023-05-05
17,0,27,9072,58,2023-05-05
8,4,27,9073,49,2023-05-06
12,0,27,9074,49,2023-05-06
15,0,27,9078,72,2023-05-07
20,0,27,9087,39,2023-05-26
15,0,27,9088,39,2023-05-26
13,0,27,9089,24,2023-05-27
18,0,27,9090,24,2023-05-27
17,0,27,9094,83,2023-05-28
18,0,27,9095,47,2023-06-02
3,15,27,9096,47,2023-06-02
14,0,27,9097,43,2023-06-03
8,4,27,9098,43,2023-06-03
15,0,27,9102,30,2023-06-04
8,4,27,9103,40,2023-06-16
20,0,27,9104,40,2023-06-16
11,0,27,9105,55,2023-06-17
2,18,27,9106,55,2023-06-17
15,0,27,9110,1,2023-06-18
8,4,27,9112,21,2023-06-30
6,8,27,9117,63,2023-07-01
20,0,27,9118,29,2023-07-02
20,0,27,9119,18,2023-07-07
7,6,27,9120,18,2023-07-07
19,0,27,9121,56,2023-07-08
11,0,27,9122,56,2023-07-08
13,0,27,9126,45,2023-07-09
6,8,27,9127,69,2023-07-21
4,12,27,9128,20,2023-07-22
10,1,27,9129,20,2023-07-22
14,0,27,9133,82,2023-07-23
10,1,27,9134,32,2023-07-28
20,0,27,9135,32,2023-07-28
17,0,27,9140,4,2023-07-29
18,0,27,9141,67,2023-07-30
18,0,27,9142,38,2023-08-25
18,0,27,9143,38,2023-08-25
15,0,27,9144,64,2023-08-26
15,0,27,9145,64,2023-08-26
12,0,27,9149,44,2023-08-27
16,0,27,9150,19,2023-09-01
10,1,27,9151,19,2023-09-01
8,4,27,9152,51,2023-09-02
13,0,27,9153,51,2023-09-02
17,0,27,9157,6,2023-09-03
17,0,27,9158,33,2023-09-15
11,0,27,9159,33,2023-09-15
9,2,27,9160,70,2023-09-16
9,2,27,9161,70,2023-09-16
13,0,27,9165,16,2023-09-17
14,0,27,9166,37,2023-09-22
13,0,27,9167,37,2023-09-22
15,0,27,9168,52,2023-09-23
18,0,27,9169,52,2023-09-23
14,0,27,9173,68,2023-09-24
12,0,27,9174,48,2023-10-27
15,0,27,9175,48,2023-10-27
16,0,27,9176,81,2023-10-28
12,0,27,9177,81,2023-10-28
13,0,27,9181,12,2023-10-29
2,18,27,9182,5,2023-11-17
7,6,27,9183,5,2023-11-17
12,0,27,9184,7,2023-11-18
19,0,27,9189,25,2023-11-19
20,0,27,9191,8,2023-11-24
17,0,27,9192,3,2023-11-25
8,4,27,9193,3,2023-11-25
15,0,27,9197,31,2023-11-26
4,12,27,9198,60,2023-11-03
18,0,27,9204,11,2023-11-04
12,0,27,9205,14,2023-11-05
9,2,27,9206,73,2023-10-20
16,0,27,9207,73,2023-10-20
15,0,27,9212,66,2023-10-21
13,0,27,9213,79,2023-10-22
10,1,27,9214,17,2023-10-06
15,0,27,9215,17,2023-10-06
16,0,27,9220,78,2023-10-07
16,0,27,9221,28,2023-10-08
11,0,27,9222,74,2023-02-23
10,1,27,9223,69,2023-07-21
12,0,27,9278,10,2023-04-29
4,12,27,9282,63,2023-07-01
20,0,27,9286,4,2023-07-29
16,0,27,9294,66,2023-10-21
7,6,27,9298,78,2023-10-07
11,0,27,9304,60,2023-11-03
12,0,27,9308,11,2023-11-04
13,0,27,9314,7,2023-11-18
20,0,27,9465,23,2024-02-29
9,2,27,9466,59,2024-03-01
9,2,27,9467,59,2024-03-01
10,1,27,9468,59,2024-03-01
16,0,27,9472,50,2024-03-02
17,0,27,9473,62,2024-03-07
18,0,27,9474,62,2024-03-07
15,0,27,9475,22,2024-03-08
15,0,27,9476,22,2024-03-08
10,1,27,9480,53,2024-03-09
16,0,27,9481,76,2024-03-22
16,0,27,9482,76,2024-03-22
16,0,27,9483,42,2024-03-23
16,0,27,9484,42,2024-03-23
9,2,27,9488,54,2024-03-24
13,0,27,9489,75,2024-04-05
13,0,27,9490,75,2024-04-05
16,0,27,9491,13,2024-04-06
12,0,27,9492,13,2024-04-06
11,0,27,9496,26,2024-04-07
13,0,27,9497,-1,2024-05-03
10,1,27,9502,-1,2024-05-03
5,10,27,9663,36,2024-04-19
9,2,27,9664,2,2024-04-20
13,0,27,9668,36,2024-04-19
19,0,27,9672,2,2024-04-20
10,1,27,9673,57,2024-04-21
15,0,29,9190,8,2023-11-24
12,0,31,7763,41,2023-02-24
14,0,31,7764,0,2023-02-25
15,0,31,7765,71,2023-03-03
11,0,31,7766,71,2023-03-03
11,0,31,7767,9,2023-03-04
9,2,31,7768,9,2023-03-04
12,0,31,7772,35,2023-03-17
4,12,31,7773,35,2023-03-17
14,0,31,7774,77,2023-03-18
7,6,31,7775,77,2023-03-18
8,4,31,7779,80,2023-03-19
16,0,31,7780,65,2023-03-31
6,8,31,7781,65,2023-03-31
3,15,31,7782,15,2023-04-01
11,0,31,7783,15,2023-04-01
14,0,31,7787,27,2023-04-02
18,0,31,7953,46,2023-03-05
18,0,31,9063,34,2023-04-28
12,0,31,9064,34,2023-04-28
18,0,31,9069,10,2023-04-29
15,0,31,9070,61,2023-04-30
10,1,31,9071,58,2023-05-05
9,2,31,9072,58,2023-05-05
5,10,31,9073,49,2023-05-06
8,4,31,9074,49,2023-05-06
9,2,31,9078,72,2023-05-07
8,4,31,9087,39,2023-05-26
10,1,31,9088,39,2023-05-26
9,2,31,9089,24,2023-05-27
4,12,31,9090,24,2023-05-27
3,15,31,9094,83,2023-05-28
3,15,31,9095,47,2023-06-02
5,10,31,9096,47,2023-06-02
16,0,31,9097,43,2023-06-03
7,6,31,9098,43,2023-06-03
8,4,31,9102,30,2023-06-04
18,0,31,9103,40,2023-06-16
18,0,31,9104,40,2023-06-16
19,0,31,9105,55,2023-06-17
6,8,31,9106,55,2023-06-17
8,4,31,9110,1,2023-06-18
12,0,31,9112,21,2023-06-30
7,6,31,9117,63,2023-07-01
12,0,31,9118,29,2023-07-02
6,8,31,9119,18,2023-07-07
13,0,31,9120,18,2023-07-07
16,0,31,9121,56,2023-07-08
13,0,31,9122,56,2023-07-08
20,0,31,9126,45,2023-07-09
5,10,31,9127,69,2023-07-21
19,0,31,9128,20,2023-07-22
12,0,31,9129,20,2023-07-22
19,0,31,9133,82,2023-07-23
19,0,31,9134,32,2023-07-28
15,0,31,9135,32,2023-07-28
9,2,31,9140,4,2023-07-29
8,4,31,9141,67,2023-07-30
10,1,31,9142,38,2023-08-25
13,0,31,9143,38,2023-08-25
16,0,31,9144,64,2023-08-26
17,0,31,9145,64,2023-08-26
10,1,31,9149,44,2023-08-27
17,0,31,9150,19,2023-09-01
15,0,31,9151,19,2023-09-01
18,0,31,9152,51,2023-09-02
18,0,31,9153,51,2023-09-02
19,0,31,9157,6,2023-09-03
10,1,31,9158,33,2023-09-15
13,0,31,9159,33,2023-09-15
12,0,31,9160,70,2023-09-16
8,4,31,9161,70,2023-09-16
18,0,31,9165,16,2023-09-17
15,0,31,9166,37,2023-09-22
12,0,31,9167,37,2023-09-22
13,0,31,9168,52,2023-09-23
14,0,31,9169,52,2023-09-23
9,2,31,9173,68,2023-09-24
9,2,31,9174,48,2023-10-27
8,4,31,9175,48,2023-10-27
20,0,31,9176,81,2023-10-28
16,0,31,9177,81,2023-10-28
10,1,31,9181,12,2023-10-29
5,10,31,9182,5,2023-11-17
16,0,31,9183,5,2023-11-17
14,0,31,9184,7,2023-11-18
4,12,31,9189,25,2023-11-19
14,0,31,9191,8,2023-11-24
7,6,31,9192,3,2023-11-25
12,0,31,9193,3,2023-11-25
12,0,31,9197,31,2023-11-26
15,0,31,9198,60,2023-11-03
14,0,31,9204,11,2023-11-04
10,1,31,9205,14,2023-11-05
12,0,31,9206,73,2023-10-20
8,4,31,9207,73,2023-10-20
11,0,31,9212,66,2023-10-21
20,0,31,9213,79,2023-10-22
9,2,31,9214,17,2023-10-06
8,4,31,9215,17,2023-10-06
17,0,31,9220,78,2023-10-07
7,6,31,9221,28,2023-10-08
17,0,31,9222,74,2023-02-23
17,0,31,9223,69,2023-07-21
13,0,31,9278,10,2023-04-29
9,2,31,9282,63,2023-07-01
9,2,31,9286,4,2023-07-29
13,0,31,9294,66,2023-10-21
10,1,31,9298,78,2023-10-07
12,0,31,9304,60,2023-11-03
16,0,31,9308,11,2023-11-04
17,0,31,9314,7,2023-11-18
17,0,31,9465,23,2024-02-29
20,0,31,9466,59,2024-03-01
18,0,31,9467,59,2024-03-01
19,0,31,9468,59,2024-03-01
17,0,31,9472,50,2024-03-02
14,0,31,9473,62,2024-03-07
15,0,31,9474,62,2024-03-07
14,0,31,9475,22,2024-03-08
17,0,31,9476,22,2024-03-08
13,0,31,9480,53,2024-03-09
17,0,31,9481,76,2024-03-22
17,0,31,9482,76,2024-03-22
15,0,31,9483,42,2024-03-23
15,0,31,9484,42,2024-03-23
16,0,31,9488,54,2024-03-24
11,0,31,9489,75,2024-04-05
8,4,31,9490,75,2024-04-05
14,0,31,9491,13,2024-04-06
15,0,31,9492,13,2024-04-06
15,0,31,9496,26,2024-04-07
9,2,31,9497,-1,2024-05-03
13,0,31,9502,-1,2024-05-03
7,6,31,9663,36,2024-04-19
13,0,31,9664,2,2024-04-20
17,0,31,9668,36,2024-04-19
13,0,31,9672,2,2024-04-20
11,0,31,9673,57,2024-04-21
10,1,34,7764,0,2023-02-25
18,0,34,9150,19,2023-09-01
2,18,34,9190,8,2023-11-24
14,0,34,9222,74,2023-02-23
16,0,36,9190,8,2023-11-24
17,0,37,9190,8,2023-11-24
10,1,38,9475,22,2024-03-08
11,0,38,9476,22,2024-03-08
7,6,38,9480,53,2024-03-09
19,0,39,9142,38,2023-08-25
8,4,39,9190,8,2023-11-24
18,0,40,9144,64,2023-08-26
20,0,40,9145,64,2023-08-26
13,0,40,9149,44,2023-08-27
13,0,40,9150,19,2023-09-01
18,0,40,9151,19,2023-09-01
12,0,40,9152,51,2023-09-02
12,0,40,9153,51,2023-09-02
11,0,40,9157,6,2023-09-03
16,0,40,9158,33,2023-09-15
12,0,40,9159,33,2023-09-15
16,0,40,9160,70,2023-09-16
10,1,40,9161,70,2023-09-16
9,2,40,9165,16,2023-09-17
9,2,40,9166,37,2023-09-22
15,0,40,9167,37,2023-09-22
17,0,40,9168,52,2023-09-23
11,0,40,9169,52,2023-09-23
11,0,40,9173,68,2023-09-24
18,0,40,9214,17,2023-10-06
18,0,40,9215,17,2023-10-06
20,0,40,9220,78,2023-10-07
17,0,40,9221,28,2023-10-08
14,0,40,9298,78,2023-10-07
16,0,40,9489,75,2024-04-05
17,0,41,9174,48,2023-10-27
19,0,42,9174,48,2023-10-27
12,0,42,9190,8,2023-11-24
15,0,44,7763,41,2023-02-24
2,18,44,7764,0,2023-02-25
10,1,44,7765,71,2023-03-03
8,4,44,7766,71,2023-03-03
4,12,44,7767,9,2023-03-04
7,6,44,7768,9,2023-03-04
6,8,44,7772,35,2023-03-17
11,0,44,7773,35,2023-03-17
5,10,44,7774,77,2023-03-18
8,4,44,7775,77,2023-03-18
5,10,44,7779,80,2023-03-19
2,18,44,7780,65,2023-03-31
13,0,44,7781,65,2023-03-31
8,4,44,7782,15,2023-04-01
3,15,44,7783,15,2023-04-01
2,18,44,7787,27,2023-04-02
5,10,44,7953,46,2023-03-05
11,0,44,9063,34,2023-04-28
5,10,44,9064,34,2023-04-28
7,6,44,9069,10,2023-04-29
6,8,44,9070,61,2023-04-30
2,18,44,9071,58,2023-05-05
7,6,44,9072,58,2023-05-05
13,0,44,9073,49,2023-05-06
13,0,44,9074,49,2023-05-06
6,8,44,9078,72,2023-05-07
3,15,44,9087,39,2023-05-26
6,8,44,9088,39,2023-05-26
8,4,44,9089,24,2023-05-27
6,8,44,9090,24,2023-05-27
4,12,44,9094,83,2023-05-28
12,0,44,9095,47,2023-06-02
11,0,44,9096,47,2023-06-02
3,15,44,9097,43,2023-06-03
5,10,44,9098,43,2023-06-03
2,18,44,9102,30,2023-06-04
19,0,44,9103,40,2023-06-16
1,25,44,9104,40,2023-06-16
10,1,44,9105,55,2023-06-17
4,12,44,9106,55,2023-06-17
3,15,44,9110,1,2023-06-18
5,10,44,9112,21,2023-06-30
10,1,44,9117,63,2023-07-01
7,6,44,9118,29,2023-07-02
12,0,44,9119,18,2023-07-07
15,0,44,9120,18,2023-07-07
5,10,44,9121,56,2023-07-08
7,6,44,9122,56,2023-07-08
3,15,44,9126,45,2023-07-09
16,0,44,9127,69,2023-07-21
1,25,44,9128,20,2023-07-22
1,25,44,9129,20,2023-07-22
4,12,44,9133,82,2023-07-23
12,0,44,9134,32,2023-07-28
4,12,44,9135,32,2023-07-28
7,6,44,9140,4,2023-07-29
4,12,44,9141,67,2023-07-30
3,15,44,9142,38,2023-08-25
4,12,44,9143,38,2023-08-25
5,10,44,9144,64,2023-08-26
13,0,44,9145,64,2023-08-26
6,8,44,9149,44,2023-08-27
8,4,44,9150,19,2023-09-01
17,0,44,9151,19,2023-09-01
3,15,44,9152,51,2023-09-02
8,4,44,9153,51,2023-09-02
6,8,44,9157,6,2023-09-03
5,10,44,9158,33,2023-09-15
5,10,44,9159,33,2023-09-15
6,8,44,9160,70,2023-09-16
5,10,44,9161,70,2023-09-16
3,15,44,9165,16,2023-09-17
16,0,44,9166,37,2023-09-22
14,0,44,9167,37,2023-09-22
7,6,44,9168,52,2023-09-23
7,6,44,9169,52,2023-09-23
5,10,44,9173,68,2023-09-24
11,0,44,9174,48,2023-10-27
7,6,44,9175,48,2023-10-27
10,1,44,9176,81,2023-10-28
6,8,44,9177,81,2023-10-28
2,18,44,9181,12,2023-10-29
12,0,44,9182,5,2023-11-17
9,2,44,9183,5,2023-11-17
8,4,44,9184,7,2023-11-18
7,6,44,9189,25,2023-11-19
8,4,44,9191,8,2023-11-24
12,0,44,9192,3,2023-11-25
11,0,44,9193,3,2023-11-25
9,2,44,9197,31,2023-11-26
12,0,44,9198,60,2023-11-03
7,6,44,9204,11,2023-11-04
8,4,44,9205,14,2023-11-05
3,15,44,9206,73,2023-10-20
3,15,44,9207,73,2023-10-20
2,18,44,9212,66,2023-10-21
2,18,44,9213,79,2023-10-22
14,0,44,9214,17,2023-10-06
4,12,44,9215,17,2023-10-06
5,10,44,9220,78,2023-10-07
19,0,44,9221,28,2023-10-08
6,8,44,9222,74,2023-02-23
20,0,44,9223,69,2023-07-21
6,8,44,9278,10,2023-04-29
18,0,44,9282,63,2023-07-01
7,6,44,9286,4,2023-07-29
3,15,44,9294,66,2023-10-21
12,0,44,9298,78,2023-10-07
5,10,44,9304,60,2023-11-03
5,10,44,9308,11,2023-11-04
11,0,44,9314,7,2023-11-18
9,2,44,9465,23,2024-02-29
12,0,44,9466,59,2024-03-01
12,0,44,9467,59,2024-03-01
9,2,44,9468,59,2024-03-01
7,6,44,9472,50,2024-03-02
8,4,44,9473,62,2024-03-07
8,4,44,9474,62,2024-03-07
9,2,44,9475,22,2024-03-08
8,4,44,9476,22,2024-03-08
9,2,44,9480,53,2024-03-09
18,0,44,9481,76,2024-03-22
18,0,44,9482,76,2024-03-22
4,12,44,9483,42,2024-03-23
11,0,44,9484,42,2024-03-23
18,0,44,9488,54,2024-03-24
5,10,44,9489,75,2024-04-05
2,18,44,9490,75,2024-04-05
4,12,44,9491,13,2024-04-06
7,6,44,9492,13,2024-04-06
9,2,44,9496,26,2024-04-07
7,6,44,9497,-1,2024-05-03
12,0,44,9502,-1,2024-05-03
18,0,44,9663,36,2024-04-19
18,0,44,9664,2,2024-04-20
2,18,44,9668,36,2024-04-19
2,18,44,9672,2,2024-04-20
9,2,44,9673,57,2024-04-21
18,0,45,9190,8,2023-11-24
15,0,50,9174,48,2023-10-27
20,0,50,9190,8,2023-11-24
6,8,55,7763,41,2023-02-24
5,10,55,7764,0,2023-02-25
20,0,55,7765,71,2023-03-03
14,0,55,7766,71,2023-03-03
8,4,55,7767,9,2023-03-04
4,12,55,7768,9,2023-03-04
7,6,55,7772,35,2023-03-17
10,1,55,7773,35,2023-03-17
10,1,55,7774,77,2023-03-18
5,10,55,7775,77,2023-03-18
6,8,55,7779,80,2023-03-19
6,8,55,7780,65,2023-03-31
5,10,55,7781,65,2023-03-31
7,6,55,7782,15,2023-04-01
5,10,55,7783,15,2023-04-01
12,0,55,7787,27,2023-04-02
4,12,55,7953,46,2023-03-05
4,12,55,9063,34,2023-04-28
4,12,55,9064,34,2023-04-28
5,10,55,9069,10,2023-04-29
5,10,55,9070,61,2023-04-30
5,10,55,9071,58,2023-05-05
2,18,55,9072,58,2023-05-05
4,12,55,9073,49,2023-05-06
3,15,55,9074,49,2023-05-06
5,10,55,9078,72,2023-05-07
1,25,55,9087,39,2023-05-26
3,15,55,9088,39,2023-05-26
4,12,55,9089,24,2023-05-27
5,10,55,9090,24,2023-05-27
8,4,55,9094,83,2023-05-28
9,2,55,9095,47,2023-06-02
7,6,55,9096,47,2023-06-02
4,12,55,9097,43,2023-06-03
2,18,55,9098,43,2023-06-03
5,10,55,9102,30,2023-06-04
10,1,55,9103,40,2023-06-16
3,15,55,9104,40,2023-06-16
5,10,55,9105,55,2023-06-17
8,4,55,9106,55,2023-06-17
5,10,55,9110,1,2023-06-18
3,15,55,9112,21,2023-06-30
3,15,55,9117,63,2023-07-01
4,12,55,9118,29,2023-07-02
7,6,55,9119,18,2023-07-07
2,18,55,9120,18,2023-07-07
6,8,55,9121,56,2023-07-08
5,10,55,9122,56,2023-07-08
10,1,55,9126,45,2023-07-09
10,1,55,9127,69,2023-07-21
8,4,55,9128,20,2023-07-22
11,0,55,9129,20,2023-07-22
8,4,55,9133,82,2023-07-23
1,25,55,9134,32,2023-07-28
5,10,55,9135,32,2023-07-28
4,12,55,9140,4,2023-07-29
19,0,55,9141,67,2023-07-30
16,0,55,9143,38,2023-08-25
12,0,55,9144,64,2023-08-26
6,8,55,9145,64,2023-08-26
5,10,55,9149,44,2023-08-27
2,18,55,9150,19,2023-09-01
1,25,55,9151,19,2023-09-01
1,25,55,9152,51,2023-09-02
1,25,55,9153,51,2023-09-02
3,15,55,9157,6,2023-09-03
2,18,55,9158,33,2023-09-15
1,25,55,9159,33,2023-09-15
1,25,55,9160,70,2023-09-16
1,25,55,9161,70,2023-09-16
1,25,55,9165,16,2023-09-17
2,18,55,9166,37,2023-09-22
4,12,55,9167,37,2023-09-22
6,8,55,9168,52,2023-09-23
6,8,55,9169,52,2023-09-23
6,8,55,9173,68,2023-09-24
7,6,55,9174,48,2023-10-27
11,0,55,9175,48,2023-10-27
15,0,55,9176,81,2023-10-28
2,18,55,9177,81,2023-10-28
4,12,55,9181,12,2023-10-29
7,6,55,9182,5,2023-11-17
2,18,55,9183,5,2023-11-17
17,0,55,9184,7,2023-11-18
6,8,55,9189,25,2023-11-19
7,6,55,9190,8,2023-11-24
19,0,55,9191,8,2023-11-24
20,0,55,9192,3,2023-11-25
16,0,55,9193,3,2023-11-25
18,0,55,9197,31,2023-11-26
1,25,55,9198,60,2023-11-03
8,4,55,9204,11,2023-11-04
6,8,55,9205,14,2023-11-05
8,4,55,9206,73,2023-10-20
4,12,55,9207,73,2023-10-20
6,8,55,9212,66,2023-10-21
4,12,55,9213,79,2023-10-22
4,12,55,9214,17,2023-10-06
12,0,55,9215,17,2023-10-06
6,8,55,9220,78,2023-10-07
20,0,55,9221,28,2023-10-08
3,15,55,9222,74,2023-02-23
15,0,55,9223,69,2023-07-21
5,10,55,9278,10,2023-04-29
5,10,55,9282,63,2023-07-01
3,15,55,9286,4,2023-07-29
6,8,55,9294,66,2023-10-21
5,10,55,9298,78,2023-10-07
8,4,55,9304,60,2023-11-03
9,2,55,9308,11,2023-11-04
2,18,55,9314,7,2023-11-18
11,0,55,9465,23,2024-02-29
1,25,55,9466,59,2024-03-01
1,25,55,9467,59,2024-03-01
4,12,55,9468,59,2024-03-01
3,15,55,9472,50,2024-03-02
7,6,55,9473,62,2024-03-07
7,6,55,9474,62,2024-03-07
3,15,55,9481,76,2024-03-22
3,15,55,9482,76,2024-03-22
3,15,55,9483,42,2024-03-23
2,18,55,9484,42,2024-03-23
1,25,55,9488,54,2024-03-24
3,15,55,9489,75,2024-04-05
7,6,55,9490,75,2024-04-05
7,6,55,9491,13,2024-04-06
4,12,55,9492,13,2024-04-06
3,15,55,9496,26,2024-04-07
3,15,55,9497,-1,2024-05-03
5,10,55,9502,-1,2024-05-03
14,0,55,9663,36,2024-04-19
7,6,55,9664,2,2024-04-20
5,10,55,9668,36,2024-04-19
5,10,55,9672,2,2024-04-20
5,10,55,9673,57,2024-04-21
18,0,61,9174,48,2023-10-27
13,0,61,9190,8,2023-11-24
13,0,63,7763,41,2023-02-24
8,4,63,7764,0,2023-02-25
11,0,63,7765,71,2023-03-03
13,0,63,7766,71,2023-03-03
6,8,63,7767,9,2023-03-04
6,8,63,7768,9,2023-03-04
5,10,63,7772,35,2023-03-17
5,10,63,7773,35,2023-03-17
11,0,63,7774,77,2023-03-18
4,12,63,7775,77,2023-03-18
4,12,63,7779,80,2023-03-19
9,2,63,7780,65,2023-03-31
4,12,63,7781,65,2023-03-31
4,12,63,7782,15,2023-04-01
2,18,63,7783,15,2023-04-01
18,0,63,7787,27,2023-04-02
7,6,63,7953,46,2023-03-05
17,0,63,9063,34,2023-04-28
11,0,63,9064,34,2023-04-28
4,12,63,9069,10,2023-04-29
8,4,63,9070,61,2023-04-30
1,25,63,9071,58,2023-05-05
15,0,63,9072,58,2023-05-05
10,1,63,9073,49,2023-05-06
6,8,63,9074,49,2023-05-06
4,12,63,9078,72,2023-05-07
15,0,63,9087,39,2023-05-26
12,0,63,9088,39,2023-05-26
11,0,63,9089,24,2023-05-27
8,4,63,9090,24,2023-05-27
5,10,63,9094,83,2023-05-28
10,1,63,9095,47,2023-06-02
8,4,63,9096,47,2023-06-02
6,8,63,9097,43,2023-06-03
12,0,63,9098,43,2023-06-03
3,15,63,9102,30,2023-06-04
20,0,63,9103,40,2023-06-16
2,18,63,9104,40,2023-06-16
15,0,63,9105,55,2023-06-17
5,10,63,9106,55,2023-06-17
19,0,63,9110,1,2023-06-18
11,0,63,9112,21,2023-06-30
8,4,63,9117,63,2023-07-01
8,4,63,9118,29,2023-07-02
14,0,63,9119,18,2023-07-07
12,0,63,9120,18,2023-07-07
9,2,63,9121,56,2023-07-08
6,8,63,9122,56,2023-07-08
5,10,63,9126,45,2023-07-09
20,0,63,9127,69,2023-07-21
6,8,63,9128,20,2023-07-22
18,0,63,9129,20,2023-07-22
6,8,63,9133,82,2023-07-23
13,0,63,9134,32,2023-07-28
8,4,63,9135,32,2023-07-28
8,4,63,9140,4,2023-07-29
6,8,63,9141,67,2023-07-30
11,0,63,9142,38,2023-08-25
14,0,63,9143,38,2023-08-25
2,18,63,9144,64,2023-08-26
3,15,63,9145,64,2023-08-26
17,0,63,9149,44,2023-08-27
5,10,63,9150,19,2023-09-01
9,2,63,9151,19,2023-09-01
6,8,63,9152,51,2023-09-02
4,12,63,9153,51,2023-09-02
5,10,63,9157,6,2023-09-03
6,8,63,9158,33,2023-09-15
3,15,63,9159,33,2023-09-15
2,18,63,9160,70,2023-09-16
2,18,63,9161,70,2023-09-16
16,0,63,9165,16,2023-09-17
13,0,63,9166,37,2023-09-22
5,10,63,9167,37,2023-09-22
8,4,63,9168,52,2023-09-23
8,4,63,9169,52,2023-09-23
7,6,63,9173,68,2023-09-24
10,1,63,9175,48,2023-10-27
4,12,63,9176,81,2023-10-28
8,4,63,9177,81,2023-10-28
6,8,63,9181,12,2023-10-29
6,8,63,9182,5,2023-11-17
12,0,63,9183,5,2023-11-17
1,25,63,9184,7,2023-11-18
8,4,63,9189,25,2023-11-19
1,25,63,9190,8,2023-11-24
6,8,63,9191,8,2023-11-24
1,25,63,9192,3,2023-11-25
4,12,63,9193,3,2023-11-25
3,15,63,9197,31,2023-11-26
3,15,63,9198,60,2023-11-03
4,12,63,9204,11,2023-11-04
15,0,63,9205,14,2023-11-05
6,8,63,9206,73,2023-10-20
5,10,63,9207,73,2023-10-20
8,4,63,9212,66,2023-10-21
7,6,63,9213,79,2023-10-22
12,0,63,9214,17,2023-10-06
2,18,63,9215,17,2023-10-06
4,12,63,9220,78,2023-10-07
4,12,63,9221,28,2023-10-08
9,2,63,9222,74,2023-02-23
1,25,63,9223,69,2023-07-21
4,12,63,9278,10,2023-04-29
15,0,63,9282,63,2023-07-01
10,1,63,9286,4,2023-07-29
8,4,63,9294,66,2023-10-21
4,12,63,9298,78,2023-10-07
6,8,63,9304,60,2023-11-03
4,12,63,9308,11,2023-11-04
4,12,63,9314,7,2023-11-18
7,6,63,9465,23,2024-02-29
6,8,63,9466,59,2024-03-01
6,8,63,9467,59,2024-03-01
3,15,63,9468,59,2024-03-01
5,10,63,9472,50,2024-03-02
2,18,63,9473,62,2024-03-07
2,18,63,9474,62,2024-03-07
4,12,63,9475,22,2024-03-08
7,6,63,9476,22,2024-03-08
6,8,63,9480,53,2024-03-09
6,8,63,9481,76,2024-03-22
6,8,63,9482,76,2024-03-22
5,10,63,9483,42,2024-03-23
7,6,63,9484,42,2024-03-23
17,0,63,9488,54,2024-03-24
4,12,63,9489,75,2024-04-05
20,0,63,9490,75,2024-04-05
3,15,63,9491,13,2024-04-06
9,2,63,9492,13,2024-04-06
7,6,63,9496,26,2024-04-07
4,12,63,9497,-1,2024-05-03
11,0,63,9502,-1,2024-05-03
17,0,63,9663,36,2024-04-19
8,4,63,9664,2,2024-04-20
11,0,63,9668,36,2024-04-19
8,4,63,9672,2,2024-04-20
6,8,63,9673,57,2024-04-21
3,15,77,7764,0,2023-02-25
9,2,77,7765,71,2023-03-03
12,0,77,7766,71,2023-03-03
17,0,77,7767,9,2023-03-04
12,0,77,7768,9,2023-03-04
18,0,77,7772,35,2023-03-17
20,0,77,7773,35,2023-03-17
18,0,77,7774,77,2023-03-18
14,0,77,7775,77,2023-03-18
18,0,77,7779,80,2023-03-19
18,0,77,7780,65,2023-03-31
12,0,77,7781,65,2023-03-31
15,0,77,7782,15,2023-04-01
19,0,77,7783,15,2023-04-01
11,0,77,7787,27,2023-04-02
8,4,77,7953,46,2023-03-05
13,0,77,9063,34,2023-04-28
14,0,77,9064,34,2023-04-28
16,0,77,9069,10,2023-04-29
18,0,77,9070,61,2023-04-30
14,0,77,9071,58,2023-05-05
14,0,77,9072,58,2023-05-05
7,6,77,9073,49,2023-05-06
10,1,77,9074,49,2023-05-06
13,0,77,9078,72,2023-05-07
11,0,77,9087,39,2023-05-26
8,4,77,9088,39,2023-05-26
10,1,77,9089,24,2023-05-27
15,0,77,9090,24,2023-05-27
11,0,77,9094,83,2023-05-28
16,0,77,9095,47,2023-06-02
9,2,77,9096,47,2023-06-02
8,4,77,9097,43,2023-06-03
16,0,77,9098,43,2023-06-03
19,0,77,9102,30,2023-06-04
1,25,77,9103,40,2023-06-16
7,6,77,9104,40,2023-06-16
9,2,77,9105,55,2023-06-17
15,0,77,9106,55,2023-06-17
10,1,77,9110,1,2023-06-18
14,0,77,9112,21,2023-06-30
20,0,77,9117,63,2023-07-01
16,0,77,9118,29,2023-07-02
15,0,77,9119,18,2023-07-07
16,0,77,9120,18,2023-07-07
18,0,77,9121,56,2023-07-08
15,0,77,9122,56,2023-07-08
12,0,77,9126,45,2023-07-09
7,6,77,9127,69,2023-07-21
10,1,77,9128,20,2023-07-22
7,6,77,9129,20,2023-07-22
12,0,77,9133,82,2023-07-23
14,0,77,9134,32,2023-07-28
14,0,77,9135,32,2023-07-28
13,0,77,9140,4,2023-07-29
12,0,77,9141,67,2023-07-30
15,0,77,9142,38,2023-08-25
9,2,77,9143,38,2023-08-25
8,4,77,9144,64,2023-08-26
19,0,77,9145,64,2023-08-26
15,0,77,9149,44,2023-08-27
15,0,77,9150,19,2023-09-01
12,0,77,9151,19,2023-09-01
16,0,77,9152,51,2023-09-02
14,0,77,9153,51,2023-09-02
10,1,77,9157,6,2023-09-03
14,0,77,9158,33,2023-09-15
10,1,77,9159,33,2023-09-15
18,0,77,9160,70,2023-09-16
16,0,77,9161,70,2023-09-16
17,0,77,9165,16,2023-09-17
17,0,77,9166,37,2023-09-22
10,1,77,9167,37,2023-09-22
11,0,77,9168,52,2023-09-23
16,0,77,9169,52,2023-09-23
20,0,77,9173,68,2023-09-24
4,12,77,9175,48,2023-10-27
6,8,77,9176,81,2023-10-28
9,2,77,9177,81,2023-10-28
14,0,77,9181,12,2023-10-29
10,1,77,9182,5,2023-11-17
5,10,77,9183,5,2023-11-17
9,2,77,9184,7,2023-11-18
17,0,77,9189,25,2023-11-19
4,12,77,9190,8,2023-11-24
4,12,77,9191,8,2023-11-24
16,0,77,9192,3,2023-11-25
18,0,77,9193,3,2023-11-25
19,0,77,9197,31,2023-11-26
17,0,77,9198,60,2023-11-03
19,0,77,9204,11,2023-11-04
16,0,77,9205,14,2023-11-05
17,0,77,9206,73,2023-10-20
13,0,77,9207,73,2023-10-20
16,0,77,9212,66,2023-10-21
14,0,77,9213,79,2023-10-22
5,10,77,9214,17,2023-10-06
9,2,77,9215,17,2023-10-06
11,0,77,9220,78,2023-10-07
8,4,77,9221,28,2023-10-08
12,0,77,9222,74,2023-02-23
6,8,77,9223,69,2023-07-21
17,0,77,9278,10,2023-04-29
19,0,77,9282,63,2023-07-01
17,0,77,9286,4,2023-07-29
18,0,77,9294,66,2023-10-21
13,0,77,9298,78,2023-10-07
18,0,77,9304,60,2023-11-03
14,0,77,9308,11,2023-11-04
8,4,77,9314,7,2023-11-18
10,1,77,9465,23,2024-02-29
16,0,77,9466,59,2024-03-01
17,0,77,9467,59,2024-03-01
16,0,77,9468,59,2024-03-01
19,0,77,9472,50,2024-03-02
18,0,77,9473,62,2024-03-07
20,0,77,9474,62,2024-03-07
18,0,77,9475,22,2024-03-08
16,0,77,9476,22,2024-03-08
17,0,77,9480,53,2024-03-09
14,0,77,9481,76,2024-03-22
14,0,77,9482,76,2024-03-22
12,0,77,9483,42,2024-03-23
13,0,77,9484,42,2024-03-23
14,0,77,9488,54,2024-03-24
14,0,77,9489,75,2024-04-05
11,0,77,9490,75,2024-04-05
12,0,77,9491,13,2024-04-06
13,0,77,9492,13,2024-04-06
14,0,77,9496,26,2024-04-07
17,0,77,9497,-1,2024-05-03
18,0,77,9502,-1,2024-05-03
10,1,77,9663,36,2024-04-19
10,1,77,9664,2,2024-04-20
9,2,77,9668,36,2024-04-19
12,0,77,9672,2,2024-04-20
20,0,77,9673,57,2024-04-21
9,2,81,7763,41,2023-02-24
16,0,81,7764,0,2023-02-25
12,0,81,7765,71,2023-03-03
15,0,81,7766,71,2023-03-03
9,2,81,7767,9,2023-03-04
18,0,81,7768,9,2023-03-04
14,0,81,7772,35,2023-03-17
19,0,81,7773,35,2023-03-17
8,4,81,7774,77,2023-03-18
9,2,81,7775,77,2023-03-18
15,0,81,7779,80,2023-03-19
12,0,81,7780,65,2023-03-31
14,0,81,7781,65,2023-03-31
14,0,81,7782,15,2023-04-01
16,0,81,7783,15,2023-04-01
8,4,81,7787,27,2023-04-02
20,0,81,7953,46,2023-03-05
12,0,81,9063,34,2023-04-28
10,1,81,9064,34,2023-04-28
10,1,81,9069,10,2023-04-29
11,0,81,9070,61,2023-04-30
12,0,81,9071,58,2023-05-05
16,0,81,9072,58,2023-05-05
18,0,81,9073,49,2023-05-06
19,0,81,9074,49,2023-05-06
19,0,81,9078,72,2023-05-07
17,0,81,9087,39,2023-05-26
18,0,81,9088,39,2023-05-26
19,0,81,9089,24,2023-05-27
11,0,81,9090,24,2023-05-27
10,1,81,9094,83,2023-05-28
17,0,81,9095,47,2023-06-02
12,0,81,9096,47,2023-06-02
15,0,81,9097,43,2023-06-03
10,1,81,9098,43,2023-06-03
13,0,81,9102,30,2023-06-04
6,8,81,9103,40,2023-06-16
11,0,81,9104,40,2023-06-16
12,0,81,9105,55,2023-06-17
9,2,81,9106,55,2023-06-17
11,0,81,9110,1,2023-06-18
13,0,81,9112,21,2023-06-30
11,0,81,9117,63,2023-07-01
17,0,81,9118,29,2023-07-02
10,1,81,9119,18,2023-07-07
9,2,81,9120,18,2023-07-07
17,0,81,9121,56,2023-07-08
3,15,81,9122,56,2023-07-08
4,12,81,9126,45,2023-07-09
19,0,81,9127,69,2023-07-21
14,0,81,9128,20,2023-07-22
4,12,81,9129,20,2023-07-22
5,10,81,9133,82,2023-07-23
2,18,81,9134,32,2023-07-28
6,8,81,9135,32,2023-07-28
2,18,81,9140,4,2023-07-29
20,0,81,9141,67,2023-07-30
8,4,81,9142,38,2023-08-25
19,0,81,9143,38,2023-08-25
7,6,81,9144,64,2023-08-26
8,4,81,9145,64,2023-08-26
9,2,81,9149,44,2023-08-27
11,0,81,9150,19,2023-09-01
4,12,81,9151,19,2023-09-01
14,0,81,9152,51,2023-09-02
7,6,81,9153,51,2023-09-02
12,0,81,9157,6,2023-09-03
19,0,81,9158,33,2023-09-15
15,0,81,9159,33,2023-09-15
7,6,81,9160,70,2023-09-16
17,0,81,9161,70,2023-09-16
7,6,81,9165,16,2023-09-17
7,6,81,9166,37,2023-09-22
8,4,81,9167,37,2023-09-22
3,15,81,9168,52,2023-09-23
2,18,81,9169,52,2023-09-23
3,15,81,9173,68,2023-09-24
6,8,81,9174,48,2023-10-27
9,2,81,9175,48,2023-10-27
5,10,81,9176,81,2023-10-28
7,6,81,9177,81,2023-10-28
8,4,81,9181,12,2023-10-29
17,0,81,9182,5,2023-11-17
14,0,81,9183,5,2023-11-17
2,18,81,9184,7,2023-11-18
10,1,81,9189,25,2023-11-19
6,8,81,9190,8,2023-11-24
10,1,81,9191,8,2023-11-24
3,15,81,9192,3,2023-11-25
3,15,81,9193,3,2023-11-25
6,8,81,9197,31,2023-11-26
20,0,81,9198,60,2023-11-03
10,1,81,9204,11,2023-11-04
14,0,81,9205,14,2023-11-05
19,0,81,9206,73,2023-10-20
10,1,81,9207,73,2023-10-20
10,1,81,9212,66,2023-10-21
19,0,81,9213,79,2023-10-22
3,15,81,9214,17,2023-10-06
3,15,81,9215,17,2023-10-06
1,25,81,9220,78,2023-10-07
2,18,81,9221,28,2023-10-08
18,0,81,9222,74,2023-02-23
2,18,81,9223,69,2023-07-21
11,0,81,9278,10,2023-04-29
17,0,81,9282,63,2023-07-01
2,18,81,9286,4,2023-07-29
5,10,81,9294,66,2023-10-21
1,25,81,9298,78,2023-10-07
10,1,81,9304,60,2023-11-03
10,1,81,9308,11,2023-11-04
19,0,81,9314,7,2023-11-18
3,15,81,9465,23,2024-02-29
7,6,81,9466,59,2024-03-01
7,6,81,9467,59,2024-03-01
8,4,81,9468,59,2024-03-01
8,4,81,9472,50,2024-03-02
10,1,81,9473,62,2024-03-07
10,1,81,9474,62,2024-03-07
8,4,81,9475,22,2024-03-08
5,10,81,9476,22,2024-03-08
4,12,81,9480,53,2024-03-09
7,6,81,9481,76,2024-03-22
7,6,81,9482,76,2024-03-22
8,4,81,9483,42,2024-03-23
6,8,81,9484,42,2024-03-23
4,12,81,9488,54,2024-03-24
8,4,81,9489,75,2024-04-05
1,25,81,9490,75,2024-04-05
8,4,81,9491,13,2024-04-06
6,8,81,9492,13,2024-04-06
8,4,81,9496,26,2024-04-07
2,18,81,9497,-1,2024-05-03
6,8,81,9502,-1,2024-05-03
2,18,81,9663,36,2024-04-19
5,10,81,9664,2,2024-04-20
8,4,81,9668,36,2024-04-19
7,6,81,9672,2,2024-04-20
8,4,81,9673,57,2024-04-21
20,0,98,9174,48,2023-10-27
14,0,98,9190,8,2023-11-24
